minute_of_day_et,spread_median_points,spread_p90_points,spread_p95_points,n_obs
0.0,0.5,0.75,0.75,3567
1.0,0.5,0.75,0.75,3435
2.0,0.5,0.75,0.75,3349
3.0,0.5,0.75,0.75,3418
4.0,0.5,0.75,0.75,3368
5.0,0.5,0.75,0.75,3428
6.0,0.5,0.75,0.75,3408
7.0,0.5,0.75,0.75,3439
8.0,0.5,0.75,0.75,3396
9.0,0.5,0.75,0.75,3391
10.0,0.5,0.75,0.75,3389
11.0,0.5,0.75,0.75,3309
12.0,0.5,0.75,0.75,3275
13.0,0.5,0.75,0.75,3292
14.0,0.5,0.75,0.75,3248
15.0,0.5,0.75,0.75,3357
16.0,0.5,0.75,0.75,3322
17.0,0.5,0.75,0.75,3341
18.0,0.5,0.75,0.75,3264
19.0,0.5,0.75,0.75,3302
20.0,0.5,0.75,0.75,3314
21.0,0.5,0.75,0.75,3271
22.0,0.5,0.75,0.75,3340
23.0,0.5,0.75,0.75,3248
24.0,0.5,0.75,0.75,3245
25.0,0.5,0.75,0.75,3307
26.0,0.5,0.75,0.75,3236
27.0,0.5,0.75,0.75,3303
28.0,0.5,0.75,0.75,3216
29.0,0.5,0.75,0.75,3331
30.0,0.5,0.75,0.75,3440
31.0,0.5,0.75,0.75,3375
32.0,0.5,0.75,0.75,3323
33.0,0.5,0.75,0.75,3273
34.0,0.5,0.75,0.75,3330
35.0,0.5,0.75,0.75,3319
36.0,0.5,0.75,0.75,3315
37.0,0.5,0.75,0.75,3317
38.0,0.5,0.75,0.75,3287
39.0,0.5,0.75,0.75,3252
40.0,0.5,0.75,0.75,3366
41.0,0.5,0.75,0.75,3289
42.0,0.5,0.75,0.75,3313
43.0,0.5,0.75,0.75,3340
44.0,0.5,0.75,0.75,3278
45.0,0.5,0.75,0.75,3274
46.0,0.5,0.75,0.75,3228
47.0,0.5,0.75,0.75,3168
48.0,0.5,0.75,0.75,3218
49.0,0.5,0.75,0.75,3159
50.0,0.5,0.75,0.75,3267
51.0,0.5,0.75,0.75,3220
52.0,0.5,0.75,0.75,3172
53.0,0.5,0.75,0.75,3093
54.0,0.5,0.75,0.75,3138
55.0,0.5,0.75,0.75,3175
56.0,0.5,0.75,0.75,3223
57.0,0.5,0.75,0.75,3178
58.0,0.5,0.75,0.75,3138
59.0,0.5,0.75,0.75,3118
60.0,0.5,0.75,0.75,3515
61.0,0.5,0.75,0.75,3428
62.0,0.5,0.75,0.75,3421
63.0,0.5,0.75,0.75,3375
64.0,0.5,0.75,0.75,3357
65.0,0.5,0.75,0.75,3392
66.0,0.5,0.75,0.75,3382
67.0,0.5,0.75,0.75,3340
68.0,0.5,0.75,0.75,3372
69.0,0.5,0.75,0.75,3347
70.0,0.5,0.75,0.75,3466
71.0,0.5,0.75,0.75,3408
72.0,0.5,0.75,0.75,3383
73.0,0.5,0.75,0.75,3370
74.0,0.5,0.75,0.75,3383
75.0,0.5,0.75,0.75,3461
76.0,0.5,0.75,0.75,3424
77.0,0.5,0.75,0.75,3339
78.0,0.5,0.75,0.75,3297
79.0,0.5,0.75,0.75,3291
80.0,0.5,0.75,0.75,3409
81.0,0.5,0.75,0.75,3359
82.0,0.5,0.75,0.75,3369
83.0,0.5,0.75,0.75,3325
84.0,0.5,0.75,0.75,3369
85.0,0.5,0.75,0.75,3436
86.0,0.5,0.75,0.75,3312
87.0,0.5,0.75,0.75,3340
88.0,0.5,0.75,0.75,3276
89.0,0.5,0.75,0.75,3441
90.0,0.5,0.75,0.75,3592
91.0,0.5,0.75,0.75,3491
92.0,0.5,0.75,0.75,3398
93.0,0.5,0.75,0.75,3328
94.0,0.5,0.75,0.75,3353
95.0,0.5,0.75,0.75,3414
96.0,0.5,0.75,0.75,3325
97.0,0.5,0.75,0.75,3385
98.0,0.5,0.75,0.75,3386
99.0,0.5,0.75,0.75,3379
100.0,0.5,0.75,0.75,3437
101.0,0.5,0.75,0.75,3363
102.0,0.5,0.75,0.75,3309
103.0,0.5,0.75,0.75,3240
104.0,0.5,0.75,0.75,3285
105.0,0.5,0.75,0.75,3347
106.0,0.5,0.75,0.75,3282
107.0,0.5,0.75,0.75,3341
108.0,0.5,0.75,0.75,3251
109.0,0.5,0.75,0.75,3224
110.0,0.5,0.75,0.75,3327
111.0,0.5,0.75,0.75,3259
112.0,0.5,0.75,0.75,3337
113.0,0.5,0.75,0.75,3226
114.0,0.5,0.75,0.75,3237
115.0,0.5,0.75,0.75,3336
116.0,0.5,0.75,0.75,3268
117.0,0.5,0.75,0.75,3178
118.0,0.5,0.75,0.75,3204
119.0,0.5,0.75,0.75,3307
120.0,0.5,0.75,0.75,3674
121.0,0.5,0.75,0.75,3651
122.0,0.5,0.75,0.75,3564
123.0,0.5,0.75,0.75,3528
124.0,0.5,0.75,0.75,3522
125.0,0.5,0.75,0.75,3550
126.0,0.5,0.75,0.75,3531
127.0,0.5,0.75,0.75,3487
128.0,0.5,0.75,0.75,3431
129.0,0.5,0.75,0.75,3481
130.0,0.5,0.75,0.75,3525
131.0,0.5,0.75,0.75,3511
132.0,0.5,0.75,0.75,3503
133.0,0.5,0.75,0.75,3445
134.0,0.5,0.75,0.75,3429
135.0,0.5,0.75,0.75,3523
136.0,0.5,0.75,0.75,3479
137.0,0.5,0.75,0.75,3470
138.0,0.5,0.75,0.75,3489
139.0,0.5,0.75,0.75,3428
140.0,0.5,0.75,0.75,3450
141.0,0.5,0.75,0.75,3433
142.0,0.5,0.75,0.75,3487
143.0,0.5,0.75,0.75,3474
144.0,0.5,0.75,0.75,3471
145.0,0.5,0.75,0.75,3506
146.0,0.5,0.75,0.75,3499
147.0,0.5,0.75,0.75,3470
148.0,0.5,0.75,0.75,3390
149.0,0.5,0.75,0.75,3486
150.0,0.5,0.75,0.75,3640
151.0,0.5,0.75,0.75,3501
152.0,0.5,0.75,0.75,3436
153.0,0.5,0.75,0.75,3455
154.0,0.5,0.75,0.75,3414
155.0,0.5,0.75,0.75,3504
156.0,0.5,0.75,0.75,3504
157.0,0.5,0.75,0.75,3496
158.0,0.5,0.75,0.75,3473
159.0,0.5,0.75,0.75,3474
160.0,0.5,0.75,0.75,3494
161.0,0.5,0.75,0.75,3484
162.0,0.5,0.75,0.75,3519
163.0,0.5,0.75,0.75,3468
164.0,0.5,0.75,0.75,3427
165.0,0.5,0.75,0.75,3538
166.0,0.5,0.75,0.75,3472
167.0,0.5,0.75,0.75,3423
168.0,0.5,0.75,0.75,3461
169.0,0.5,0.75,0.75,3469
170.0,0.5,0.75,0.75,3529
171.0,0.5,0.75,0.75,3505
172.0,0.5,0.75,0.75,3497
173.0,0.5,0.75,0.75,3494
174.0,0.5,0.75,0.75,3499
175.0,0.5,0.75,0.75,3554
176.0,0.5,0.75,0.75,3496
177.0,0.5,0.75,0.75,3480
178.0,0.5,0.75,0.75,3526
179.0,0.5,0.75,0.75,3599
180.0,0.5,0.75,0.75,3770
181.0,0.5,0.75,0.75,3774
182.0,0.5,0.75,0.75,3758
183.0,0.5,0.75,0.75,3743
184.0,0.5,0.75,0.75,3739
185.0,0.5,0.75,0.75,3735
186.0,0.5,0.75,0.75,3739
187.0,0.5,0.75,0.75,3740
188.0,0.5,0.75,0.75,3712
189.0,0.5,0.75,0.75,3713
190.0,0.5,0.75,0.75,3735
191.0,0.5,0.75,0.75,3714
192.0,0.5,0.75,0.75,3742
193.0,0.5,0.75,0.75,3696
194.0,0.5,0.75,0.75,3688
195.0,0.5,0.75,0.75,3723
196.0,0.5,0.75,0.75,3727
197.0,0.5,0.75,0.75,3725
198.0,0.5,0.75,0.75,3690
199.0,0.5,0.75,0.75,3682
200.0,0.5,0.75,0.75,3710
201.0,0.5,0.75,0.75,3686
202.0,0.5,0.75,0.75,3727
203.0,0.5,0.75,0.75,3681
204.0,0.5,0.75,0.75,3692
205.0,0.5,0.75,0.75,3712
206.0,0.5,0.75,0.75,3699
207.0,0.5,0.75,0.75,3689
208.0,0.5,0.75,0.75,3686
209.0,0.5,0.75,0.75,3667
210.0,0.5,0.75,0.75,3738
211.0,0.5,0.75,0.75,3691
212.0,0.5,0.75,0.75,3676
213.0,0.5,0.75,0.75,3677
214.0,0.5,0.75,0.75,3684
215.0,0.5,0.75,0.75,3721
216.0,0.5,0.75,0.75,3709
217.0,0.5,0.75,0.75,3690
218.0,0.5,0.75,0.75,3691
219.0,0.5,0.75,0.75,3674
220.0,0.5,0.75,0.75,3713
221.0,0.5,0.75,0.75,3684
222.0,0.5,0.75,0.75,3690
223.0,0.5,0.75,0.75,3670
224.0,0.5,0.75,0.75,3653
225.0,0.5,0.75,0.75,3695
226.0,0.5,0.75,0.75,3667
227.0,0.5,0.75,0.75,3682
228.0,0.5,0.75,0.75,3662
229.0,0.5,0.75,0.75,3654
230.0,0.5,0.75,0.75,3678
231.0,0.5,0.75,0.75,3663
232.0,0.5,0.75,0.75,3665
233.0,0.5,0.75,0.75,3657
234.0,0.5,0.75,0.75,3636
235.0,0.5,0.75,0.75,3658
236.0,0.5,0.75,0.75,3671
237.0,0.5,0.75,0.75,3660
238.0,0.5,0.75,0.75,3663
239.0,0.5,0.75,0.75,3659
240.0,0.5,0.75,1.0,3775
241.0,0.5,0.75,0.75,3767
242.0,0.5,0.75,0.75,3771
243.0,0.5,0.75,0.75,3767
244.0,0.5,0.75,0.75,3773
245.0,0.5,0.75,0.75,3767
246.0,0.5,0.75,0.75,3753
247.0,0.5,0.75,0.75,3759
248.0,0.5,0.75,0.75,3751
249.0,0.5,0.75,0.75,3748
250.0,0.5,0.75,0.75,3763
251.0,0.5,0.75,0.75,3735
252.0,0.5,0.75,0.75,3744
253.0,0.5,0.75,0.75,3744
254.0,0.5,0.75,0.75,3731
255.0,0.5,0.75,0.75,3743
256.0,0.5,0.75,0.75,3755
257.0,0.5,0.75,0.75,3736
258.0,0.5,0.75,0.75,3741
259.0,0.5,0.75,0.75,3723
260.0,0.5,0.75,0.75,3748
261.0,0.5,0.75,0.75,3729
262.0,0.5,0.75,0.75,3727
263.0,0.5,0.75,0.75,3714
264.0,0.5,0.75,0.75,3706
265.0,0.5,0.75,0.75,3732
266.0,0.5,0.75,0.75,3723
267.0,0.5,0.75,0.75,3704
268.0,0.5,0.75,0.75,3695
269.0,0.5,0.75,0.75,3671
270.0,0.5,0.75,0.75,3750
271.0,0.5,0.75,0.75,3735
272.0,0.5,0.75,0.75,3714
273.0,0.5,0.75,0.75,3706
274.0,0.5,0.75,0.75,3687
275.0,0.5,0.75,0.75,3691
276.0,0.5,0.75,0.75,3701
277.0,0.5,0.75,0.75,3711
278.0,0.5,0.75,0.75,3702
279.0,0.5,0.75,0.75,3683
280.0,0.5,0.75,0.75,3692
281.0,0.5,0.75,0.75,3712
282.0,0.5,0.75,0.75,3703
283.0,0.5,0.75,0.75,3693
284.0,0.5,0.75,0.75,3687
285.0,0.5,0.75,0.75,3726
286.0,0.5,0.75,0.75,3678
287.0,0.5,0.75,0.75,3683
288.0,0.5,0.75,0.75,3664
289.0,0.5,0.75,0.75,3626
290.0,0.5,0.75,0.75,3683
291.0,0.5,0.75,0.75,3714
292.0,0.5,0.75,0.75,3631
293.0,0.5,0.75,0.75,3681
294.0,0.5,0.75,0.75,3652
295.0,0.5,0.75,0.75,3689
296.0,0.5,0.75,0.75,3656
297.0,0.5,0.75,0.75,3654
298.0,0.5,0.75,0.75,3667
299.0,0.5,0.75,0.75,3667
300.0,0.5,0.75,0.75,3735
301.0,0.5,0.75,0.75,3702
302.0,0.5,0.75,0.75,3724
303.0,0.5,0.75,0.75,3700
304.0,0.5,0.75,0.75,3681
305.0,0.5,0.75,0.75,3699
306.0,0.5,0.75,0.75,3688
307.0,0.5,0.75,0.75,3684
308.0,0.5,0.75,0.75,3678
309.0,0.5,0.75,0.75,3651
310.0,0.5,0.75,0.75,3712
311.0,0.5,0.75,0.75,3696
312.0,0.5,0.75,0.75,3659
313.0,0.5,0.75,0.75,3683
314.0,0.5,0.75,0.75,3636
315.0,0.5,0.75,0.75,3704
316.0,0.5,0.75,0.75,3673
317.0,0.5,0.75,0.75,3682
318.0,0.5,0.75,0.75,3675
319.0,0.5,0.75,0.75,3608
320.0,0.5,0.75,0.75,3673
321.0,0.5,0.75,0.75,3654
322.0,0.5,0.75,0.75,3697
323.0,0.5,0.75,0.75,3659
324.0,0.5,0.75,0.75,3664
325.0,0.5,0.75,0.75,3692
326.0,0.5,0.75,0.75,3638
327.0,0.5,0.75,0.75,3639
328.0,0.5,0.75,0.75,3626
329.0,0.5,0.75,0.75,3627
330.0,0.5,0.75,0.75,3695
331.0,0.5,0.75,0.75,3647
332.0,0.5,0.75,0.75,3643
333.0,0.5,0.75,0.75,3649
334.0,0.5,0.75,0.75,3653
335.0,0.5,0.75,0.75,3665
336.0,0.5,0.75,0.75,3667
337.0,0.5,0.75,0.75,3671
338.0,0.5,0.75,0.75,3647
339.0,0.5,0.75,0.75,3655
340.0,0.5,0.75,0.75,3677
341.0,0.5,0.75,0.75,3649
342.0,0.5,0.75,0.75,3664
343.0,0.5,0.75,0.75,3596
344.0,0.5,0.75,0.75,3561
345.0,0.5,0.75,0.75,3650
346.0,0.5,0.75,0.75,3654
347.0,0.5,0.75,0.75,3623
348.0,0.5,0.75,0.75,3654
349.0,0.5,0.75,0.75,3599
350.0,0.5,0.75,0.75,3672
351.0,0.5,0.75,0.75,3652
352.0,0.5,0.75,0.75,3662
353.0,0.5,0.75,0.75,3634
354.0,0.5,0.75,0.75,3630
355.0,0.5,0.75,0.75,3669
356.0,0.5,0.75,0.75,3646
357.0,0.5,0.75,0.75,3635
358.0,0.5,0.75,0.75,3622
359.0,0.5,0.75,0.75,3607
360.0,0.5,0.75,0.75,3727
361.0,0.5,0.75,0.75,3708
362.0,0.5,0.75,0.75,3653
363.0,0.5,0.75,0.75,3690
364.0,0.5,0.75,0.75,3660
365.0,0.5,0.75,0.75,3681
366.0,0.5,0.75,0.75,3694
367.0,0.5,0.75,0.75,3646
368.0,0.5,0.75,0.75,3668
369.0,0.5,0.75,0.75,3653
370.0,0.5,0.75,0.75,3686
371.0,0.5,0.75,0.75,3655
372.0,0.5,0.75,0.75,3659
373.0,0.5,0.75,0.75,3647
374.0,0.5,0.75,0.75,3643
375.0,0.5,0.75,0.75,3661
376.0,0.5,0.75,0.75,3678
377.0,0.5,0.75,0.75,3637
378.0,0.5,0.75,0.75,3630
379.0,0.5,0.75,0.75,3651
380.0,0.5,0.75,0.75,3683
381.0,0.5,0.75,0.75,3638
382.0,0.5,0.75,0.75,3657
383.0,0.5,0.75,0.75,3630
384.0,0.5,0.75,0.75,3607
385.0,0.5,0.75,0.75,3686
386.0,0.5,0.75,0.75,3647
387.0,0.5,0.75,0.75,3656
388.0,0.5,0.75,0.75,3615
389.0,0.5,0.75,0.75,3622
390.0,0.5,0.75,0.75,3690
391.0,0.5,0.75,0.75,3700
392.0,0.5,0.75,0.75,3657
393.0,0.5,0.75,0.75,3691
394.0,0.5,0.75,0.75,3663
395.0,0.5,0.75,0.75,3679
396.0,0.5,0.75,0.75,3651
397.0,0.5,0.75,0.75,3676
398.0,0.5,0.75,0.75,3654
399.0,0.5,0.75,0.75,3643
400.0,0.5,0.75,0.75,3680
401.0,0.5,0.75,0.75,3660
402.0,0.5,0.75,0.75,3662
403.0,0.5,0.75,0.75,3618
404.0,0.5,0.75,0.75,3615
405.0,0.5,0.75,0.75,3670
406.0,0.5,0.75,0.75,3691
407.0,0.5,0.75,0.75,3650
408.0,0.5,0.75,0.75,3652
409.0,0.5,0.75,0.75,3635
410.0,0.5,0.75,0.75,3680
411.0,0.5,0.75,0.75,3677
412.0,0.5,0.75,0.75,3683
413.0,0.5,0.75,0.75,3646
414.0,0.5,0.75,0.75,3647
415.0,0.5,0.75,0.75,3712
416.0,0.5,0.75,0.75,3648
417.0,0.5,0.75,0.75,3682
418.0,0.5,0.75,0.75,3677
419.0,0.5,0.75,0.75,3710
420.0,0.5,0.75,0.75,3767
421.0,0.5,0.75,0.75,3756
422.0,0.5,0.75,0.75,3753
423.0,0.5,0.75,0.75,3752
424.0,0.5,0.75,0.75,3727
425.0,0.5,0.75,0.75,3759
426.0,0.5,0.75,0.75,3744
427.0,0.5,0.75,0.75,3723
428.0,0.5,0.75,0.75,3731
429.0,0.5,0.75,0.75,3720
430.0,0.5,0.75,0.75,3735
431.0,0.5,0.75,0.75,3732
432.0,0.5,0.75,0.75,3737
433.0,0.5,0.75,0.75,3728
434.0,0.5,0.75,0.75,3719
435.0,0.5,0.75,0.75,3755
436.0,0.5,0.75,0.75,3735
437.0,0.5,0.75,0.75,3734
438.0,0.5,0.75,0.75,3752
439.0,0.5,0.75,0.75,3708
440.0,0.5,0.75,0.75,3737
441.0,0.5,0.75,0.75,3719
442.0,0.5,0.75,0.75,3722
443.0,0.5,0.75,0.75,3728
444.0,0.5,0.75,0.75,3721
445.0,0.5,0.75,0.75,3723
446.0,0.5,0.75,0.75,3714
447.0,0.5,0.75,0.75,3728
448.0,0.5,0.75,0.75,3726
449.0,0.5,0.75,0.75,3712
450.0,0.5,0.75,0.75,3758
451.0,0.5,0.75,0.75,3736
452.0,0.5,0.75,0.75,3728
453.0,0.5,0.75,0.75,3731
454.0,0.5,0.75,0.75,3731
455.0,0.5,0.75,0.75,3731
456.0,0.5,0.75,0.75,3725
457.0,0.5,0.75,0.75,3738
458.0,0.5,0.75,0.75,3705
459.0,0.5,0.75,0.75,3715
460.0,0.5,0.75,0.75,3721
461.0,0.5,0.75,0.75,3701
462.0,0.5,0.75,0.75,3712
463.0,0.5,0.75,0.75,3722
464.0,0.5,0.75,0.75,3718
465.0,0.5,0.75,0.75,3737
466.0,0.5,0.75,0.75,3739
467.0,0.5,0.75,0.75,3706
468.0,0.5,0.75,0.75,3735
469.0,0.5,0.75,0.75,3724
470.0,0.5,0.75,0.75,3738
471.0,0.5,0.75,0.75,3699
472.0,0.5,0.75,0.75,3714
473.0,0.5,0.75,0.75,3698
474.0,0.5,0.75,0.75,3715
475.0,0.5,0.75,0.75,3732
476.0,0.5,0.75,0.75,3720
477.0,0.5,0.75,0.75,3735
478.0,0.5,0.75,0.75,3719
479.0,0.5,0.75,0.75,3731
480.0,0.5,0.75,0.75,3770
481.0,0.5,0.75,0.75,3754
482.0,0.5,0.75,0.75,3752
483.0,0.5,0.75,0.75,3745
484.0,0.5,0.75,0.8999999999999773,3743
485.0,0.5,0.75,0.75,3765
486.0,0.5,0.75,0.75,3746
487.0,0.5,0.75,0.75,3752
488.0,0.5,0.75,0.75,3740
489.0,0.5,0.75,0.75,3725
490.0,0.5,0.75,0.75,3754
491.0,0.5,0.75,0.75,3733
492.0,0.5,0.75,0.75,3745
493.0,0.5,0.75,1.0,3737
494.0,0.5,0.75,1.25,3706
495.0,0.5,0.75,1.0,3759
496.0,0.5,0.75,0.75,3747
497.0,0.5,0.75,0.75,3735
498.0,0.5,0.75,0.75,3752
499.0,0.5,0.75,0.75,3717
500.0,0.5,0.75,0.75,3765
501.0,0.5,0.75,0.75,3741
502.0,0.5,0.75,0.75,3744
503.0,0.5,0.75,0.75,3739
504.0,0.5,0.75,0.75,3735
505.0,0.5,0.75,0.75,3756
506.0,0.5,0.75,0.75,3743
507.0,0.5,0.75,1.0,3748
508.0,0.75,1.0,1.25,3736
509.0,0.75,2.0,2.75,3750
510.0,0.75,2.25,4.0,3735
511.0,0.75,1.25,1.5,3775
512.0,0.75,1.0,1.5,3773
513.0,0.75,1.0,1.0,3768
514.0,0.75,1.0,1.0,3770
515.0,0.75,1.0,1.0,3768
516.0,0.5,0.75,1.0,3773
517.0,0.5,0.75,1.0,3764
518.0,0.5,0.75,0.75,3760
519.0,0.5,0.75,1.0,3762
520.0,0.5,0.75,0.7624999999999886,3772
521.0,0.5,0.75,0.75,3759
522.0,0.5,0.75,0.75,3778
523.0,0.5,0.75,0.75,3734
524.0,0.5,0.75,0.75,3776
525.0,0.5,0.75,0.75,3769
526.0,0.5,0.75,0.75,3754
527.0,0.5,0.75,0.75,3770
528.0,0.5,0.75,0.75,3759
529.0,0.5,0.75,0.75,3762
530.0,0.5,0.75,0.75,3770
531.0,0.5,0.75,0.75,3758
532.0,0.5,0.75,0.75,3775
533.0,0.5,0.75,0.75,3746
534.0,0.5,0.75,0.75,3759
535.0,0.5,0.75,0.75,3767
536.0,0.5,0.75,0.75,3757
537.0,0.5,0.75,0.75,3764
538.0,0.5,0.75,0.75,3770
539.0,0.5,0.75,0.75,3761
540.0,0.5,0.75,0.75,3777
541.0,0.5,0.75,0.75,3775
542.0,0.5,0.75,0.75,3778
543.0,0.5,0.75,0.75,3776
544.0,0.5,0.75,0.75,3770
545.0,0.5,0.75,0.75,3779
546.0,0.5,0.75,0.75,3778
547.0,0.5,0.75,0.75,3771
548.0,0.5,0.75,0.75,3773
549.0,0.5,0.75,0.75,3766
550.0,0.5,0.75,0.75,3772
551.0,0.5,0.75,0.75,3778
552.0,0.5,0.75,0.75,3778
553.0,0.5,0.75,0.75,3781
554.0,0.5,0.75,0.75,3770
555.0,0.5,0.75,0.75,3771
556.0,0.5,0.75,0.75,3782
557.0,0.5,0.75,0.75,3778
558.0,0.5,0.75,0.75,3778
559.0,0.5,0.75,0.75,3774
560.0,0.5,0.75,0.75,3775
561.0,0.5,0.75,0.75,3776
562.0,0.5,0.75,0.75,3778
563.0,0.5,0.75,0.75,3772
564.0,0.5,0.75,0.75,3775
565.0,0.5,0.75,0.75,3783
566.0,0.5,0.75,0.75,3775
567.0,0.5,0.75,0.75,3779
568.0,0.5,0.75,0.75,3778
569.0,0.5,0.75,1.0,3781
570.0,0.5,0.75,0.75,3720
571.0,0.5,0.75,0.75,3720
572.0,0.5,0.75,0.75,3720
573.0,0.5,0.75,0.75,3720
574.0,0.5,0.75,0.75,3719
575.0,0.5,0.75,0.75,3720
576.0,0.5,0.75,0.75,3720
577.0,0.5,0.5,0.75,3720
578.0,0.5,0.5,0.75,3720
579.0,0.5,0.5,0.5124999999999886,3720
580.0,0.5,0.5,0.75,3720
581.0,0.5,0.5,0.75,3720
582.0,0.5,0.5,0.75,3720
583.0,0.5,0.5,0.75,3720
584.0,0.5,0.75,1.0,3719
585.0,0.5,0.75,1.0,3716
586.0,0.5,0.5,0.75,3720
587.0,0.5,0.5,0.75,3720
588.0,0.5,0.5,0.75,3720
589.0,0.5,0.5,0.5,3720
590.0,0.5,0.5,0.5,3720
591.0,0.5,0.5,0.5,3720
592.0,0.5,0.5,0.5,3720
593.0,0.5,0.5,0.75,3719
594.0,0.5,0.5,0.75,3720
595.0,0.5,0.5,0.75,3720
596.0,0.5,0.5,0.75,3719
597.0,0.5,0.5,0.75,3720
598.0,0.5,0.75,0.75,3720
599.0,0.5,1.5,1.5,3720
600.0,0.5,1.5,2.0,3685
601.0,0.5,0.75,0.75,3720
602.0,0.5,0.75,0.75,3720
603.0,0.5,0.5,0.75,3720
604.0,0.5,0.5,0.75,3720
605.0,0.5,0.5,0.75,3720
606.0,0.5,0.5,0.75,3720
607.0,0.5,0.5,0.75,3719
608.0,0.5,0.5,0.75,3719
609.0,0.5,0.5,0.75,3718
610.0,0.5,0.5,0.75,3720
611.0,0.5,0.5,0.75,3720
612.0,0.5,0.5,0.75,3719
613.0,0.5,0.5,0.5,3720
614.0,0.5,0.5,0.5,3720
615.0,0.5,0.5,0.75,3720
616.0,0.5,0.5,0.5,3720
617.0,0.5,0.5,0.5,3719
618.0,0.5,0.5,0.5,3720
619.0,0.5,0.5,0.5,3720
620.0,0.5,0.5,0.5124999999999886,3721
621.0,0.5,0.5,0.75,3719
622.0,0.5,0.5,0.5,3720
623.0,0.5,0.5,0.5,3718
624.0,0.5,0.5,0.5,3719
625.0,0.5,0.5,0.5,3719
626.0,0.5,0.5,0.75,3719
627.0,0.5,0.5,0.5,3720
628.0,0.5,0.5,0.5,3720
629.0,0.5,0.5,0.5,3720
630.0,0.5,0.5,0.75,3719
631.0,0.5,0.5,0.75,3719
632.0,0.5,0.5,0.5,3719
633.0,0.5,0.5,0.5,3719
634.0,0.5,0.5,0.5,3720
635.0,0.5,0.5,0.5,3720
636.0,0.5,0.5,0.5,3720
637.0,0.5,0.5,0.5,3720
638.0,0.5,0.5,0.5,3720
639.0,0.5,0.5,0.5,3717
640.0,0.5,0.5,0.5,3720
641.0,0.5,0.5,0.5124999999999886,3720
642.0,0.5,0.5,0.5,3720
643.0,0.5,0.5,0.5,3718
644.0,0.5,0.5,0.5,3719
645.0,0.5,0.5,0.5,3718
646.0,0.5,0.5,0.5,3718
647.0,0.5,0.5,0.5,3714
648.0,0.5,0.5,0.5,3718
649.0,0.5,0.5,0.5,3716
650.0,0.5,0.5,0.5,3717
651.0,0.5,0.5,0.5,3720
652.0,0.5,0.5,0.5,3717
653.0,0.5,0.5,0.75,3716
654.0,0.5,0.5,0.75,3720
655.0,0.5,0.5,0.75,3718
656.0,0.5,0.5,0.75,3719
657.0,0.5,0.5,0.75,3719
658.0,0.5,0.5,0.5,3720
659.0,0.5,0.5,0.5,3720
660.0,0.5,0.5,0.75,3720
661.0,0.5,0.5,0.5,3720
662.0,0.5,0.5,0.5,3720
663.0,0.5,0.5,0.75,3722
664.0,0.5,0.5,0.75,3717
665.0,0.5,0.5,0.75,3720
666.0,0.5,0.5,0.75,3719
667.0,0.5,0.5,0.75,3720
668.0,0.5,0.5,0.75,3720
669.0,0.5,0.5,0.75,3717
670.0,0.5,0.5,0.5,3719
671.0,0.5,0.5,0.75,3719
672.0,0.5,0.5,0.75,3719
673.0,0.5,0.5,0.5,3718
674.0,0.5,0.5,0.5,3715
675.0,0.5,0.5,0.5,3720
676.0,0.5,0.5,0.5,3720
677.0,0.5,0.5,0.5,3717
678.0,0.5,0.5,0.5,3720
679.0,0.5,0.5,0.5,3716
680.0,0.5,0.5,0.5,3721
681.0,0.5,0.5,0.5,3716
682.0,0.5,0.5,0.5,3717
683.0,0.5,0.5,0.5,3719
684.0,0.5,0.5,0.5,3717
685.0,0.5,0.5,0.5,3719
686.0,0.5,0.5,0.5,3715
687.0,0.5,0.5,0.5,3718
688.0,0.5,0.5,0.5,3717
689.0,0.5,0.5,0.5,3716
690.0,0.5,0.5,0.5,3720
691.0,0.5,0.5,0.5,3719
692.0,0.5,0.5,0.5,3719
693.0,0.5,0.5,0.5,3717
694.0,0.5,0.5,0.5,3720
695.0,0.5,0.5,0.5,3719
696.0,0.5,0.5,0.5,3719
697.0,0.5,0.5,0.5,3720
698.0,0.5,0.5,0.5,3721
699.0,0.5,0.5,0.5,3717
700.0,0.5,0.5,0.5,3721
701.0,0.5,0.5,0.5,3717
702.0,0.5,0.5,0.5,3717
703.0,0.5,0.5,0.5,3715
704.0,0.5,0.5,0.5,3715
705.0,0.5,0.5,0.5,3720
706.0,0.5,0.5,0.5,3716
707.0,0.5,0.5,0.5,3716
708.0,0.5,0.5,0.5,3716
709.0,0.5,0.5,0.5,3713
710.0,0.5,0.5,0.5,3712
711.0,0.5,0.5,0.5,3719
712.0,0.5,0.5,0.5,3711
713.0,0.5,0.5,0.5,3714
714.0,0.5,0.5,0.5,3717
715.0,0.5,0.5,0.5,3720
716.0,0.5,0.5,0.5,3714
717.0,0.5,0.5,0.5,3719
718.0,0.5,0.5,0.5,3716
719.0,0.5,0.5,0.5,3719
720.0,0.5,0.5,0.5,3720
721.0,0.5,0.5,0.5,3719
722.0,0.5,0.5,0.5,3720
723.0,0.5,0.5,0.5,3716
724.0,0.5,0.5,0.5,3718
725.0,0.5,0.5,0.5,3720
726.0,0.5,0.5,0.5,3720
727.0,0.5,0.5,0.5,3717
728.0,0.5,0.5,0.5,3719
729.0,0.5,0.5,0.5,3709
730.0,0.5,0.5,0.5,3718
731.0,0.5,0.5,0.5,3718
732.0,0.5,0.5,0.5,3720
733.0,0.5,0.5,0.5,3710
734.0,0.5,0.5,0.5,3710
735.0,0.5,0.5,0.5,3717
736.0,0.5,0.5,0.5,3713
737.0,0.5,0.5,0.5,3700
738.0,0.5,0.5,0.5,3710
739.0,0.5,0.5,0.5,3712
740.0,0.5,0.5,0.5,3715
741.0,0.5,0.5,0.5,3703
742.0,0.5,0.5,0.5,3713
743.0,0.5,0.5,0.5,3714
744.0,0.5,0.5,0.5,3714
745.0,0.5,0.5,0.5,3710
746.0,0.5,0.5,0.5,3710
747.0,0.5,0.5,0.75,3710
748.0,0.5,0.5,0.75,3719
749.0,0.5,0.5,0.75,3709
750.0,0.5,0.5,0.75,3717
751.0,0.5,0.5,0.75,3716
752.0,0.5,0.5,0.75,3720
753.0,0.5,0.5,0.75,3717
754.0,0.5,0.5,0.75,3713
755.0,0.5,0.5,0.75,3715
756.0,0.5,0.5,0.75,3718
757.0,0.5,0.5,0.75,3713
758.0,0.5,0.5,0.75,3708
759.0,0.5,0.5,0.75,3711
760.0,0.5,0.5,0.75,3712
761.0,0.5,0.5,0.75,3716
762.0,0.5,0.5,0.75,3714
763.0,0.5,0.5,0.75,3713
764.0,0.5,0.5,0.75,3716
765.0,0.5,0.5,0.75,3720
766.0,0.5,0.5,0.75,3719
767.0,0.5,0.5,0.75,3701
768.0,0.5,0.5,0.75,3715
769.0,0.5,0.5,0.75,3708
770.0,0.5,0.5,0.75,3715
771.0,0.5,0.5,0.75,3715
772.0,0.5,0.5,0.75,3715
773.0,0.5,0.5,0.75,3704
774.0,0.5,0.5,0.75,3702
775.0,0.5,0.5,0.75,3714
776.0,0.5,0.5,0.75,3715
777.0,0.5,0.5,0.75,3713
778.0,0.5,0.5,0.75,3711
779.0,0.5,0.5,0.75,3732
780.0,0.5,0.5,0.75,3600
781.0,0.5,0.5,0.75,3600
782.0,0.5,0.5,0.75,3600
783.0,0.5,0.5,0.5,3601
784.0,0.5,0.5,0.5,3600
785.0,0.5,0.5,0.5,3599
786.0,0.5,0.5,0.5,3600
787.0,0.5,0.5,0.5,3600
788.0,0.5,0.5,0.5,3600
789.0,0.5,0.5,0.5,3600
790.0,0.5,0.5,0.5,3600
791.0,0.5,0.5,0.5,3601
792.0,0.5,0.5,0.5,3599
793.0,0.5,0.5,0.5,3600
794.0,0.5,0.5,0.5,3600
795.0,0.5,0.5,0.5,3600
796.0,0.5,0.5,0.5,3600
797.0,0.5,0.5,0.75,3600
798.0,0.5,0.5,0.5,3600
799.0,0.5,0.5,0.5,3600
800.0,0.5,0.5,0.5,3600
801.0,0.5,0.5,0.5,3600
802.0,0.5,0.5,0.5,3600
803.0,0.5,0.5,0.5,3600
804.0,0.5,0.5,0.5,3600
805.0,0.5,0.5,0.5,3600
806.0,0.5,0.5,0.5,3600
807.0,0.5,0.5,0.5,3600
808.0,0.5,0.5,0.5,3600
809.0,0.5,0.5,0.5,3600
810.0,0.5,0.5,0.5,3600
811.0,0.5,0.5,0.5,3600
812.0,0.5,0.5,0.5,3600
813.0,0.5,0.5,0.5,3600
814.0,0.5,0.5,0.5,3600
815.0,0.5,0.5,0.5,3600
816.0,0.5,0.5,0.5,3600
817.0,0.5,0.5,0.5,3600
818.0,0.5,0.5,0.5,3600
819.0,0.5,0.5,0.5,3600
820.0,0.5,0.5,0.5,3600
821.0,0.5,0.5,0.5,3600
822.0,0.5,0.5,0.5,3600
823.0,0.5,0.5,0.5,3601
824.0,0.5,0.5,0.5,3599
825.0,0.5,0.5,0.5,3600
826.0,0.5,0.5,0.5,3600
827.0,0.5,0.5,0.5,3600
828.0,0.5,0.5,0.5,3600
829.0,0.5,0.5,0.5,3600
830.0,0.5,0.5,0.5,3600
831.0,0.5,0.5,0.5,3600
832.0,0.5,0.5,0.5,3600
833.0,0.5,0.5,0.5,3600
834.0,0.5,0.5,0.5,3600
835.0,0.5,0.5,0.5,3600
836.0,0.5,0.5,0.5,3600
837.0,0.5,0.5,0.75,3600
838.0,0.5,0.5,0.75,3600
839.0,0.5,0.75,0.75,3598
840.0,0.5,0.75,1.25,3600
841.0,0.5,0.5,0.75,3600
842.0,0.5,0.5,0.75,3600
843.0,0.5,0.5,0.75,3600
844.0,0.5,0.5,0.75,3600
845.0,0.5,0.5,0.5,3600
846.0,0.5,0.5,0.5,3600
847.0,0.5,0.5,0.5,3601
848.0,0.5,0.5,0.5,3599
849.0,0.5,0.5,0.5,3600
850.0,0.5,0.5,0.5,3600
851.0,0.5,0.5,0.5,3600
852.0,0.5,0.5,0.5,3601
853.0,0.5,0.5,0.5,3599
854.0,0.5,0.5,0.5,3600
855.0,0.5,0.5,0.5,3600
856.0,0.5,0.5,0.5,3600
857.0,0.5,0.5,0.5,3600
858.0,0.5,0.5,0.5,3600
859.0,0.5,0.5,0.5,3600
860.0,0.5,0.5,0.5,3600
861.0,0.5,0.5,0.5,3600
862.0,0.5,0.5,0.5,3600
863.0,0.5,0.5,0.5,3600
864.0,0.5,0.5,0.5,3600
865.0,0.5,0.5,0.5,3600
866.0,0.5,0.5,0.5,3600
867.0,0.5,0.5,0.5,3600
868.0,0.5,0.5,0.5,3600
869.0,0.5,0.5,0.5,3600
870.0,0.5,0.5,0.5,3600
871.0,0.5,0.5,0.5,3600
872.0,0.5,0.5,0.5,3600
873.0,0.5,0.5,0.5,3600
874.0,0.5,0.5,0.5,3600
875.0,0.5,0.5,0.5,3600
876.0,0.5,0.5,0.5,3599
877.0,0.5,0.5,0.5,3600
878.0,0.5,0.5,0.5124999999999886,3601
879.0,0.5,0.5,0.5,3599
880.0,0.5,0.5,0.75,3600
881.0,0.5,0.5,0.5,3600
882.0,0.5,0.5,0.5,3600
883.0,0.5,0.5,0.5,3600
884.0,0.5,0.5,0.5,3602
885.0,0.5,0.5,0.75,3598
886.0,0.5,0.5,0.5,3600
887.0,0.5,0.5,0.75,3600
888.0,0.5,0.5,0.5,3600
889.0,0.5,0.5,0.5,3601
890.0,0.5,0.5,0.5,3599
891.0,0.5,0.5,0.5,3601
892.0,0.5,0.5,0.5,3599
893.0,0.5,0.5,0.5,3600
894.0,0.5,0.5,0.5,3601
895.0,0.5,0.5,0.5,3599
896.0,0.5,0.5,0.75,3600
897.0,0.5,0.5,0.5,3600
898.0,0.5,0.5,0.5,3600
899.0,0.5,0.5,0.5,3600
900.0,0.5,0.5,0.75,3600
901.0,0.5,0.5,0.5,3600
902.0,0.5,0.5,0.5,3600
903.0,0.5,0.5,0.5,3600
904.0,0.5,0.5,0.5,3600
905.0,0.5,0.5,0.5,3600
906.0,0.5,0.5,0.5,3600
907.0,0.5,0.5,0.5,3600
908.0,0.5,0.5,0.75,3600
909.0,0.5,0.5,0.75,3600
910.0,0.5,0.5,0.5,3600
911.0,0.5,0.5,0.5,3600
912.0,0.5,0.5,0.5,3600
913.0,0.5,0.5,0.5,3600
914.0,0.5,0.5,0.5,3600
915.0,0.5,0.5,0.5,3600
916.0,0.5,0.5,0.5,3600
917.0,0.5,0.5,0.5,3601
918.0,0.5,0.5,0.5,3599
919.0,0.5,0.5,0.5,3600
920.0,0.5,0.5,0.5,3600
921.0,0.5,0.5,0.5,3600
922.0,0.5,0.5,0.5,3600
923.0,0.5,0.5,0.5,3600
924.0,0.5,0.5,0.5,3600
925.0,0.5,0.5,0.5,3600
926.0,0.5,0.5,0.5,3600
927.0,0.5,0.5,0.5,3600
928.0,0.5,0.5,0.5,3601
929.0,0.5,0.5,0.5,3599
930.0,0.5,0.5,0.5,3600
931.0,0.5,0.5,0.5,3600
932.0,0.5,0.5,0.5,3600
933.0,0.5,0.5,0.5,3601
934.0,0.5,0.5,0.5,3599
935.0,0.5,0.5,0.5,3600
936.0,0.5,0.5,0.5,3600
937.0,0.5,0.5,0.5,3600
938.0,0.5,0.5,0.5,3600
939.0,0.5,0.5,0.5,3600
940.0,0.5,0.5,0.5,3600
941.0,0.5,0.5,0.5,3600
942.0,0.5,0.5,0.5,3600
943.0,0.5,0.5,0.5,3600
944.0,0.5,0.5,0.5,3600
945.0,0.5,0.5,0.5,3600
946.0,0.5,0.5,0.5,3600
947.0,0.5,0.5,0.5,3600
948.0,0.5,0.75,0.75,3600
949.0,0.5,0.75,0.75,3600
950.0,0.5,0.75,0.75,3600
951.0,0.5,0.5,0.75,3600
952.0,0.5,0.5,0.75,3600
953.0,0.5,0.5,0.75,3600
954.0,0.5,0.75,0.75,3600
955.0,0.5,0.75,0.75,3600
956.0,0.5,0.75,0.75,3600
957.0,0.5,0.5,0.75,3600
958.0,0.5,0.5,0.75,3600
959.0,0.5,0.75,0.75,3600
960.0,0.5,0.75,1.25,3600
961.0,0.5,1.0,1.5124999999999886,3595
962.0,0.5,1.0,1.75,3600
963.0,0.5,0.75,1.0124999999999886,3600
964.0,0.5,0.75,1.25,3600
965.0,0.5,0.75,1.25,3600
966.0,0.5,1.0,1.25,3597
967.0,0.5,0.75,1.25,3599
968.0,0.5,0.7750000000000341,1.25,3598
969.0,0.5,1.0,1.25,3596
970.0,0.5,1.0,1.25,3592
971.0,0.5,0.75,1.25,3584
972.0,0.5,1.0,1.5,3588
973.0,0.5,1.0,1.25,3599
974.0,0.5,1.0,1.25,3581
975.0,0.5,1.0,1.25,3563
976.0,0.5,1.0,1.25,3545
977.0,0.5,1.0,1.25,3527
978.0,0.5,1.0,1.25,3518
979.0,0.5,1.0,1.25,3495
980.0,0.5,1.0,1.5,3500
981.0,0.5,1.0,1.5,3464
982.0,0.5,1.0,1.5,3457
983.0,0.5,1.0,1.5,3493
984.0,0.5,1.0,1.25,3423
985.0,0.5,1.0,1.25,3469
986.0,0.5,1.0,1.25,3388
987.0,0.5,1.0,1.5,3415
988.0,0.5,1.0,1.75,3351
989.0,0.5,1.0,1.75,3397
990.0,0.5,1.25,1.75,3476
991.0,0.5,1.0,1.75,3426
992.0,0.5,1.25,1.75,3399
993.0,0.5,1.0,1.6624999999999943,3390
994.0,0.5,1.0,1.5,3405
995.0,0.5,1.0749999999999886,1.75,3411
996.0,0.5,1.25,1.75,3387
997.0,0.5,1.25,1.75,3337
998.0,0.5,1.200000000000017,1.75,3308
999.0,0.5,0.75,1.5,3314
1000.0,0.5,1.25,1.75,3370
1001.0,0.5,1.25,1.612499999999983,3286
1002.0,0.5,1.25,1.75,3313
1003.0,0.5,1.0,1.75,3280
1004.0,0.5,1.25,1.75,3402
1005.0,0.5,1.3000000000000114,1.75,3447
1006.0,0.5,1.25,1.75,3303
1007.0,0.5,1.25,1.75,3283
1008.0,0.5,1.25,1.5,3242
1009.0,0.5,1.25,1.5,3304
1010.0,0.5,1.25,1.5,3318
1011.0,0.5,1.0,1.5,3214
1012.0,0.5,1.0,1.5,3179
1013.0,0.5,1.25,1.5,3175
1014.0,0.75,1.25,1.5,3132
1015.0,0.75,1.075000000000017,1.5,3253
1016.0,0.75,1.25,1.5,3168
1017.0,0.75,1.25,1.75,3140
1018.0,0.75,1.25,1.75,3217
1019.0,0.75,2.0,2.5,3717
1080.0,1.25,1.75,2.5,3797
1081.0,1.0,1.25,1.5,3792
1082.0,1.0,1.25,1.5,3731
1083.0,0.75,1.25,1.5,3671
1084.0,1.0,1.25,1.5,3584
1085.0,1.0,1.5,1.5,3710
1086.0,1.0,1.25,1.5,3616
1087.0,1.0,1.25,1.5,3594
1088.0,0.75,1.25,1.5,3576
1089.0,0.75,1.25,1.25,3561
1090.0,0.75,1.25,1.25,3695
1091.0,0.75,1.0,1.25,3605
1092.0,0.75,1.0,1.25,3635
1093.0,0.75,1.0,1.25,3561
1094.0,0.75,1.0,1.25,3520
1095.0,0.75,1.0,1.25,3597
1096.0,0.75,1.0,1.25,3512
1097.0,0.75,1.0,1.0,3508
1098.0,0.75,1.0,1.0,3440
1099.0,0.75,1.0,1.0,3496
1100.0,0.75,1.0,1.0,3585
1101.0,0.75,1.0,1.0,3522
1102.0,0.75,1.0,1.0,3515
1103.0,0.75,1.0,1.0,3480
1104.0,0.75,1.0,1.0,3420
1105.0,0.75,1.0,1.0,3504
1106.0,0.75,1.0,1.0,3425
1107.0,0.5,1.0,1.0,3465
1108.0,0.75,1.0,1.0,3454
1109.0,0.75,0.75,1.0,3446
1110.0,0.75,0.75,1.0,3615
1111.0,0.75,0.75,1.0,3572
1112.0,0.5,1.0,1.0,3481
1113.0,0.5,0.75,1.0,3505
1114.0,0.5,0.75,1.0,3491
1115.0,0.5,0.75,1.0,3541
1116.0,0.5,0.75,1.0,3512
1117.0,0.5,0.75,1.0,3464
1118.0,0.5,0.75,1.0,3431
1119.0,0.5,0.75,1.0,3416
1120.0,0.5,0.75,1.0,3461
1121.0,0.5,0.75,1.0,3436
1122.0,0.5,0.75,1.0,3383
1123.0,0.5,0.75,1.0,3380
1124.0,0.5,0.75,1.0,3408
1125.0,0.5,0.75,1.0,3584
1126.0,0.5,0.75,0.75,3575
1127.0,0.5,0.75,0.9250000000000114,3559
1128.0,0.5,0.75,0.75,3483
1129.0,0.5,0.75,1.0,3504
1130.0,0.5,0.75,1.0,3526
1131.0,0.5,0.75,0.75,3485
1132.0,0.5,0.75,1.0,3493
1133.0,0.5,0.75,0.75,3503
1134.0,0.5,0.75,1.0,3433
1135.0,0.5,0.75,0.75,3508
1136.0,0.5,0.75,0.75,3465
1137.0,0.5,0.75,0.75,3457
1138.0,0.5,0.75,0.75,3479
1139.0,0.5,0.75,1.0,3453
1140.0,0.5,0.75,1.0,3739
1141.0,0.5,0.75,0.75,3675
1142.0,0.5,0.75,0.75,3710
1143.0,0.5,0.75,0.75,3671
1144.0,0.5,0.75,1.0,3615
1145.0,0.5,0.75,0.75,3666
1146.0,0.5,0.75,0.75,3654
1147.0,0.5,0.75,0.75,3624
1148.0,0.5,0.75,0.75,3608
1149.0,0.5,0.75,0.75,3607
1150.0,0.5,0.75,0.75,3647
1151.0,0.5,0.75,0.75,3559
1152.0,0.5,0.75,0.75,3600
1153.0,0.5,0.75,0.75,3550
1154.0,0.5,0.75,0.75,3551
1155.0,0.5,0.75,0.75,3690
1156.0,0.5,0.75,0.75,3651
1157.0,0.5,0.75,0.75,3616
1158.0,0.5,0.75,0.75,3614
1159.0,0.5,0.75,0.75,3517
1160.0,0.5,0.75,0.75,3614
1161.0,0.5,0.75,0.75,3587
1162.0,0.5,0.75,0.75,3553
1163.0,0.5,0.75,0.75,3525
1164.0,0.5,0.75,0.75,3473
1165.0,0.5,0.75,0.75,3529
1166.0,0.5,0.75,0.75,3548
1167.0,0.5,0.75,0.75,3581
1168.0,0.5,0.75,0.75,3519
1169.0,0.5,0.75,0.75,3530
1170.0,0.5,0.75,0.75,3635
1171.0,0.5,0.75,0.75,3610
1172.0,0.5,0.75,0.75,3589
1173.0,0.5,0.75,0.75,3551
1174.0,0.5,0.75,0.75,3611
1175.0,0.5,0.75,0.75,3564
1176.0,0.5,0.75,0.75,3555
1177.0,0.5,0.75,0.75,3559
1178.0,0.5,0.75,0.75,3545
1179.0,0.5,0.75,0.75,3530
1180.0,0.5,0.75,0.75,3624
1181.0,0.5,0.75,0.75,3573
1182.0,0.5,0.75,0.75,3556
1183.0,0.5,0.75,0.75,3514
1184.0,0.5,0.75,0.75,3489
1185.0,0.5,0.75,0.75,3674
1186.0,0.5,0.75,0.75,3663
1187.0,0.5,0.75,0.75,3592
1188.0,0.5,0.75,0.75,3580
1189.0,0.5,0.75,0.75,3569
1190.0,0.5,0.75,0.75,3643
1191.0,0.5,0.75,0.75,3614
1192.0,0.5,0.75,0.75,3589
1193.0,0.5,0.75,0.75,3604
1194.0,0.5,0.75,0.75,3611
1195.0,0.5,0.75,0.75,3652
1196.0,0.5,0.75,0.75,3642
1197.0,0.5,0.75,0.75,3565
1198.0,0.5,0.75,0.75,3609
1199.0,0.5,0.75,0.75,3645
1200.0,0.5,0.75,0.75,3736
1201.0,0.5,0.75,0.75,3693
1202.0,0.5,0.75,0.75,3662
1203.0,0.5,0.75,0.75,3638
1204.0,0.5,0.75,0.75,3650
1205.0,0.5,0.75,0.75,3650
1206.0,0.5,0.75,0.75,3666
1207.0,0.5,0.75,0.75,3666
1208.0,0.5,0.75,0.75,3647
1209.0,0.5,0.75,0.75,3622
1210.0,0.5,0.75,0.75,3640
1211.0,0.5,0.75,0.75,3593
1212.0,0.5,0.75,0.75,3562
1213.0,0.5,0.75,0.75,3606
1214.0,0.5,0.75,0.75,3580
1215.0,0.5,0.75,0.75,3680
1216.0,0.5,0.75,0.75,3641
1217.0,0.5,0.75,0.75,3644
1218.0,0.5,0.75,0.75,3620
1219.0,0.5,0.75,0.75,3556
1220.0,0.5,0.75,0.75,3656
1221.0,0.5,0.75,0.75,3582
1222.0,0.5,0.75,0.75,3582
1223.0,0.5,0.75,0.75,3570
1224.0,0.5,0.75,0.75,3570
1225.0,0.5,0.75,0.75,3620
1226.0,0.5,0.75,0.75,3586
1227.0,0.5,0.75,0.75,3611
1228.0,0.5,0.75,0.75,3552
1229.0,0.5,0.75,0.75,3541
1230.0,0.5,0.75,0.75,3710
1231.0,0.5,0.75,0.75,3694
1232.0,0.5,0.75,0.75,3709
1233.0,0.5,0.75,0.75,3694
1234.0,0.5,0.75,0.75,3619
1235.0,0.5,0.75,0.75,3686
1236.0,0.5,0.75,0.75,3676
1237.0,0.5,0.75,0.75,3674
1238.0,0.5,0.75,0.75,3643
1239.0,0.5,0.75,0.75,3660
1240.0,0.5,0.75,0.75,3669
1241.0,0.5,0.75,0.75,3646
1242.0,0.5,0.75,0.75,3638
1243.0,0.5,0.75,0.75,3621
1244.0,0.5,0.75,0.75,3597
1245.0,0.5,0.75,0.75,3677
1246.0,0.5,0.75,0.75,3654
1247.0,0.5,0.75,0.75,3659
1248.0,0.5,0.75,0.75,3601
1249.0,0.5,0.75,0.75,3598
1250.0,0.5,0.75,0.75,3669
1251.0,0.5,0.75,0.75,3607
1252.0,0.5,0.75,0.75,3603
1253.0,0.5,0.75,0.75,3591
1254.0,0.5,0.75,0.75,3613
1255.0,0.5,0.75,0.75,3621
1256.0,0.5,0.75,0.75,3605
1257.0,0.5,0.75,0.75,3608
1258.0,0.5,0.75,0.75,3577
1259.0,0.5,0.75,0.75,3522
1260.0,0.5,0.75,0.75,3685
1261.0,0.5,0.75,0.75,3676
1262.0,0.5,0.75,0.75,3593
1263.0,0.5,0.75,0.75,3576
1264.0,0.5,0.75,0.75,3612
1265.0,0.5,0.75,0.75,3645
1266.0,0.5,0.75,0.75,3638
1267.0,0.5,0.75,0.75,3594
1268.0,0.5,0.75,0.75,3596
1269.0,0.5,0.75,0.75,3580
1270.0,0.5,0.75,0.75,3618
1271.0,0.5,0.75,0.75,3634
1272.0,0.5,0.75,0.75,3560
1273.0,0.5,0.75,0.75,3536
1274.0,0.5,0.75,0.75,3581
1275.0,0.5,0.75,0.75,3643
1276.0,0.5,0.75,0.75,3626
1277.0,0.5,0.75,0.75,3589
1278.0,0.5,0.75,0.75,3575
1279.0,0.5,0.75,0.75,3558
1280.0,0.5,0.75,0.75,3631
1281.0,0.5,0.75,0.75,3596
1282.0,0.5,0.75,0.75,3581
1283.0,0.5,0.75,0.75,3568
1284.0,0.5,0.75,0.75,3550
1285.0,0.5,0.75,0.75,3520
1286.0,0.5,0.75,0.75,3548
1287.0,0.5,0.75,0.75,3522
1288.0,0.5,0.75,0.75,3512
1289.0,0.5,0.75,0.75,3475
1290.0,0.5,0.75,0.75,3588
1291.0,0.5,0.75,0.75,3631
1292.0,0.5,0.75,0.75,3591
1293.0,0.5,0.75,0.75,3567
1294.0,0.5,0.75,0.75,3565
1295.0,0.5,0.75,0.75,3571
1296.0,0.5,0.75,0.75,3594
1297.0,0.5,0.75,0.75,3577
1298.0,0.5,0.75,0.75,3570
1299.0,0.5,0.75,0.75,3517
1300.0,0.5,0.75,0.75,3588
1301.0,0.5,0.75,0.75,3541
1302.0,0.5,0.75,0.75,3529
1303.0,0.5,0.75,0.75,3523
1304.0,0.5,0.75,0.75,3512
1305.0,0.5,0.75,0.75,3553
1306.0,0.5,0.75,0.75,3497
1307.0,0.5,0.75,0.75,3497
1308.0,0.5,0.75,0.75,3476
1309.0,0.5,0.75,0.75,3475
1310.0,0.5,0.75,0.75,3520
1311.0,0.5,0.75,0.75,3504
1312.0,0.5,0.75,0.75,3513
1313.0,0.5,0.75,0.75,3451
1314.0,0.5,0.75,0.75,3462
1315.0,0.5,0.75,0.75,3436
1316.0,0.5,0.75,0.75,3454
1317.0,0.5,0.75,0.75,3455
1318.0,0.5,0.75,0.75,3399
1319.0,0.5,0.75,0.75,3388
1320.0,0.5,0.75,0.75,3591
1321.0,0.5,0.75,0.75,3530
1322.0,0.5,0.75,0.75,3509
1323.0,0.5,0.75,0.75,3466
1324.0,0.5,0.75,0.75,3476
1325.0,0.5,0.75,0.75,3493
1326.0,0.5,0.75,0.75,3479
1327.0,0.5,0.75,0.75,3483
1328.0,0.5,0.75,0.75,3457
1329.0,0.5,0.75,0.75,3408
1330.0,0.5,0.75,0.75,3499
1331.0,0.5,0.75,0.75,3491
1332.0,0.5,0.75,0.75,3476
1333.0,0.5,0.75,0.75,3478
1334.0,0.5,0.75,0.75,3407
1335.0,0.5,0.75,0.75,3533
1336.0,0.5,0.75,0.75,3458
1337.0,0.5,0.75,0.75,3469
1338.0,0.5,0.75,0.75,3341
1339.0,0.5,0.75,0.75,3419
1340.0,0.5,0.75,0.75,3494
1341.0,0.5,0.75,0.75,3383
1342.0,0.5,0.75,0.75,3444
1343.0,0.5,0.75,0.75,3401
1344.0,0.5,0.75,0.75,3445
1345.0,0.5,0.75,0.75,3463
1346.0,0.5,0.75,0.75,3444
1347.0,0.5,0.75,0.75,3361
1348.0,0.5,0.75,0.75,3340
1349.0,0.5,0.75,0.75,3309
1350.0,0.5,0.75,0.75,3571
1351.0,0.5,0.75,0.75,3552
1352.0,0.5,0.75,0.75,3486
1353.0,0.5,0.75,0.75,3438
1354.0,0.5,0.75,0.75,3425
1355.0,0.5,0.75,0.75,3453
1356.0,0.5,0.75,0.75,3467
1357.0,0.5,0.75,0.75,3426
1358.0,0.5,0.75,0.75,3365
1359.0,0.5,0.75,0.75,3329
1360.0,0.5,0.75,0.75,3438
1361.0,0.5,0.75,0.75,3371
1362.0,0.5,0.75,0.75,3347
1363.0,0.5,0.75,0.75,3311
1364.0,0.5,0.75,0.75,3271
1365.0,0.5,0.75,0.75,3392
1366.0,0.5,0.75,0.75,3418
1367.0,0.5,0.75,0.75,3294
1368.0,0.5,0.75,0.75,3335
1369.0,0.5,0.75,0.75,3344
1370.0,0.5,0.75,0.75,3412
1371.0,0.5,0.75,0.75,3366
1372.0,0.5,0.75,0.75,3354
1373.0,0.5,0.75,0.75,3328
1374.0,0.5,0.75,0.75,3312
1375.0,0.5,0.75,0.75,3314
1376.0,0.5,0.75,0.75,3313
1377.0,0.5,0.75,0.75,3329
1378.0,0.5,0.75,0.75,3303
1379.0,0.5,0.75,0.75,3248
1380.0,0.5,0.75,0.75,3551
1381.0,0.5,0.75,0.75,3396
1382.0,0.5,0.75,0.75,3417
1383.0,0.5,0.75,0.75,3387
1384.0,0.5,0.75,0.75,3358
1385.0,0.5,0.75,0.75,3366
1386.0,0.5,0.75,0.75,3313
1387.0,0.5,0.75,0.75,3323
1388.0,0.5,0.75,0.75,3254
1389.0,0.5,0.75,0.75,3246
1390.0,0.5,0.75,0.75,3300
1391.0,0.5,0.75,0.75,3224
1392.0,0.5,0.75,0.75,3243
1393.0,0.5,0.75,0.75,3248
1394.0,0.5,0.75,0.75,3289
1395.0,0.5,0.75,0.75,3368
1396.0,0.5,0.75,0.75,3307
1397.0,0.5,0.75,0.75,3319
1398.0,0.5,0.75,0.75,3262
1399.0,0.5,0.75,0.75,3145
1400.0,0.5,0.75,0.75,3313
1401.0,0.5,0.75,0.75,3229
1402.0,0.5,0.75,0.75,3173
1403.0,0.5,0.75,0.75,3140
1404.0,0.5,0.75,0.75,3160
1405.0,0.5,0.75,0.75,3241
1406.0,0.5,0.75,0.75,3192
1407.0,0.5,0.75,0.75,3072
1408.0,0.5,0.75,0.75,3156
1409.0,0.5,0.75,0.75,3217
1410.0,0.5,0.75,0.75,3370
1411.0,0.5,0.75,0.75,3345
1412.0,0.5,0.75,0.75,3235
1413.0,0.5,0.75,0.75,3317
1414.0,0.5,0.75,0.75,3172
1415.0,0.5,0.75,0.75,3249
1416.0,0.5,0.75,0.75,3248
1417.0,0.5,0.75,0.75,3257
1418.0,0.5,0.75,0.75,3206
1419.0,0.5,0.75,0.75,3220
1420.0,0.5,0.75,0.75,3294
1421.0,0.5,0.75,0.75,3157
1422.0,0.5,0.75,0.75,3163
1423.0,0.5,0.75,0.75,3162
1424.0,0.5,0.75,0.75,3159
1425.0,0.5,0.75,0.75,3172
1426.0,0.5,0.75,0.75,3170
1427.0,0.5,0.75,0.75,3144
1428.0,0.5,0.75,0.75,3162
1429.0,0.5,0.75,0.75,3078
1430.0,0.5,0.75,0.75,3271
1431.0,0.5,0.75,0.75,3211
1432.0,0.5,0.75,0.75,3160
1433.0,0.5,0.75,0.75,3088
1434.0,0.5,0.75,0.75,3115
1435.0,0.5,0.75,0.75,3181
1436.0,0.5,0.75,0.75,3144
1437.0,0.5,0.75,0.75,3149
1438.0,0.5,0.75,0.75,3108
1439.0,0.5,0.75,0.75,3121
