Date,ProShares Name,Ticker,NAV,Prior NAV,NAV Change (%),NAV Change ($),Shares Outstanding (000)
07/18/2011,ProShares Short Basic Materials,SBM,35.74,35.45,0.81805,0.29,150
07/15/2011,ProShares Short Basic Materials,SBM,35.45,35.92,-1.30846,-0.47,150
07/14/2011,ProShares Short Basic Materials,SBM,35.92,35.54,1.06922,0.38,150
07/13/2011,ProShares Short Basic Materials,SBM,35.54,35.95,-1.14047,-0.41,150
07/12/2011,ProShares Short Basic Materials,SBM,35.95,35.83,0.33491,0.12,150
07/11/2011,ProShares Short Basic Materials,SBM,35.83,34.95,2.51788,0.88,150
07/08/2011,ProShares Short Basic Materials,SBM,34.95,34.7,0.72046,0.25,150
07/07/2011,ProShares Short Basic Materials,SBM,34.7,35.3,-1.69972,-0.6,150
07/06/2011,ProShares Short Basic Materials,SBM,35.3,35.32,-0.05663,-0.02,150
07/05/2011,ProShares Short Basic Materials,SBM,35.32,35.39,-0.19780,-0.07,150
07/01/2011,ProShares Short Basic Materials,SBM,35.39,35.75,-1.00699,-0.36,150
06/30/2011,ProShares Short Basic Materials,SBM,35.75,36.15,-1.10650,-0.4,150
06/29/2011,ProShares Short Basic Materials,SBM,36.15,36.63,-1.31040,-0.48,150
06/28/2011,ProShares Short Basic Materials,SBM,36.63,37.35,-1.92771,-0.72,150
06/27/2011,ProShares Short Basic Materials,SBM,37.35,37.43,-0.21373,-0.08,150
06/24/2011,ProShares Short Basic Materials,SBM,37.43,37.18,0.67240,0.25,150
06/23/2011,ProShares Short Basic Materials,SBM,37.18,37.19,-0.02689,-0.01,150
06/22/2011,ProShares Short Basic Materials,SBM,37.19,37.1,0.24259,0.09,150
06/21/2011,ProShares Short Basic Materials,SBM,37.1,38.31,-3.15844,-1.21,150
06/20/2011,ProShares Short Basic Materials,SBM,38.31,38.65,-0.87969,-0.34,150
06/17/2011,ProShares Short Basic Materials,SBM,38.65,38.59,0.15548,0.06,150
06/16/2011,ProShares Short Basic Materials,SBM,38.59,38.15,1.15334,0.44,150
06/15/2011,ProShares Short Basic Materials,SBM,38.15,37.31,2.25141,0.84,150
06/14/2011,ProShares Short Basic Materials,SBM,37.31,38.16,-2.22746,-0.85,150
06/13/2011,ProShares Short Basic Materials,SBM,38.16,37.78,1.00582,0.38,150
06/10/2011,ProShares Short Basic Materials,SBM,37.78,37.29,1.31403,0.49,150
06/09/2011,ProShares Short Basic Materials,SBM,37.29,37.84,-1.45349,-0.55,150
06/08/2011,ProShares Short Basic Materials,SBM,37.84,37.42,1.12239,0.42,150
06/07/2011,ProShares Short Basic Materials,SBM,37.42,37.5,-0.21333,-0.08,150
06/06/2011,ProShares Short Basic Materials,SBM,37.5,36.96,1.46104,0.54,150
06/03/2011,ProShares Short Basic Materials,SBM,36.96,36.43,1.45484,0.53,150
06/02/2011,ProShares Short Basic Materials,SBM,36.43,36.45,-0.05487,-0.02,150
06/01/2011,ProShares Short Basic Materials,SBM,36.45,35.39,2.99520,1.06,150
05/31/2011,ProShares Short Basic Materials,SBM,35.39,35.74,-0.97929,-0.35,150
05/27/2011,ProShares Short Basic Materials,SBM,35.74,36.16,-1.16150,-0.42,150
05/26/2011,ProShares Short Basic Materials,SBM,36.16,36.32,-0.44053,-0.16,150
05/25/2011,ProShares Short Basic Materials,SBM,36.32,36.94,-1.67840,-0.62,150
05/24/2011,ProShares Short Basic Materials,SBM,36.94,37.14,-0.53850,-0.2,150
05/23/2011,ProShares Short Basic Materials,SBM,37.14,36.63,1.39230,0.51,150
05/20/2011,ProShares Short Basic Materials,SBM,36.63,36.28,0.96472,0.35,100
05/19/2011,ProShares Short Basic Materials,SBM,36.28,36.18,0.27640,0.1,100
05/18/2011,ProShares Short Basic Materials,SBM,36.18,36.94,-2.05739,-0.76,100
05/17/2011,ProShares Short Basic Materials,SBM,36.94,36.71,0.62653,0.23,100
05/16/2011,ProShares Short Basic Materials,SBM,36.71,36.54,0.46524,0.17,100
05/13/2011,ProShares Short Basic Materials,SBM,36.54,35.98,1.55642,0.56,100
05/12/2011,ProShares Short Basic Materials,SBM,35.98,35.95,0.08345,0.03,100
05/11/2011,ProShares Short Basic Materials,SBM,35.95,34.98,2.77301,0.97,100
05/10/2011,ProShares Short Basic Materials,SBM,34.98,35.18,-0.56850,-0.2,100
05/09/2011,ProShares Short Basic Materials,SBM,35.18,35.79,-1.70439,-0.61,100
05/06/2011,ProShares Short Basic Materials,SBM,35.79,36.06,-0.74875,-0.27,100
05/05/2011,ProShares Short Basic Materials,SBM,36.06,35.58,1.34907,0.48,100
05/04/2011,ProShares Short Basic Materials,SBM,35.58,34.95,1.80258,0.63,100
05/03/2011,ProShares Short Basic Materials,SBM,34.95,34.41,1.56931,0.54,100
05/02/2011,ProShares Short Basic Materials,SBM,34.41,34.21,0.58462,0.2,100
04/29/2011,ProShares Short Basic Materials,SBM,34.21,34.44,-0.66783,-0.23,100
04/28/2011,ProShares Short Basic Materials,SBM,34.44,34.57,-0.37605,-0.13,100
04/27/2011,ProShares Short Basic Materials,SBM,34.57,34.6,-0.08671,-0.03,100
04/26/2011,ProShares Short Basic Materials,SBM,34.6,34.94,-0.97310,-0.34,100
04/25/2011,ProShares Short Basic Materials,SBM,34.94,34.77,0.48893,0.17,100
04/21/2011,ProShares Short Basic Materials,SBM,34.77,35.28,-1.44558,-0.51,100
04/20/2011,ProShares Short Basic Materials,SBM,35.28,35.82,-1.50754,-0.54,100
04/19/2011,ProShares Short Basic Materials,SBM,35.82,36.44,-1.70143,-0.62,100
04/18/2011,ProShares Short Basic Materials,SBM,36.44,35.92,1.44766,0.52,100
04/15/2011,ProShares Short Basic Materials,SBM,35.92,36.2,-0.77348,-0.28,100
04/14/2011,ProShares Short Basic Materials,SBM,36.2,36.27,-0.19300,-0.07,100
04/13/2011,ProShares Short Basic Materials,SBM,36.27,36.19,0.22106,0.08,100
04/12/2011,ProShares Short Basic Materials,SBM,36.19,35.48,2.00113,0.71,100
04/11/2011,ProShares Short Basic Materials,SBM,35.48,34.89,1.69103,0.59,100
04/08/2011,ProShares Short Basic Materials,SBM,34.89,34.8,0.25862,0.09,100
04/07/2011,ProShares Short Basic Materials,SBM,34.8,34.75,0.14388,0.05,100
04/06/2011,ProShares Short Basic Materials,SBM,34.75,34.51,0.69545,0.24,100
04/05/2011,ProShares Short Basic Materials,SBM,34.51,34.92,-1.17411,-0.41,100
04/04/2011,ProShares Short Basic Materials,SBM,34.92,35.19,-0.76726,-0.27,100
04/01/2011,ProShares Short Basic Materials,SBM,35.19,35.3,-0.31161,-0.11,100
03/31/2011,ProShares Short Basic Materials,SBM,35.3,35.36,-0.16968,-0.06,100
03/30/2011,ProShares Short Basic Materials,SBM,35.36,35.73,-1.03554,-0.37,100
03/29/2011,ProShares Short Basic Materials,SBM,35.73,36.13,-1.10711,-0.4,100
03/28/2011,ProShares Short Basic Materials,SBM,36.13,35.9,0.64067,0.23,100
03/25/2011,ProShares Short Basic Materials,SBM,35.9,36.11,-0.58156,-0.21,100
03/24/2011,ProShares Short Basic Materials,SBM,36.11,36.27,-0.44114,-0.16,100
03/23/2011,ProShares Short Basic Materials,SBM,36.27,36.84,-1.54723,-0.57,100
03/22/2011,ProShares Short Basic Materials,SBM,36.84,36.77,0.19037,0.07,100
03/21/2011,ProShares Short Basic Materials,SBM,36.77,37.43,-1.76329,-0.66,100
03/18/2011,ProShares Short Basic Materials,SBM,37.43,37.52,-0.23987,-0.09,100
03/17/2011,ProShares Short Basic Materials,SBM,37.52,38.27,-1.95976,-0.75,100
03/16/2011,ProShares Short Basic Materials,SBM,38.27,37.73,1.43122,0.54,100
03/15/2011,ProShares Short Basic Materials,SBM,37.73,37.61,0.31906,0.12,100
03/14/2011,ProShares Short Basic Materials,SBM,37.61,37.87,-0.68656,-0.26,100
03/11/2011,ProShares Short Basic Materials,SBM,37.87,38.45,-1.50845,-0.58,100
03/10/2011,ProShares Short Basic Materials,SBM,38.45,37.48,2.58805,0.97,100
03/09/2011,ProShares Short Basic Materials,SBM,37.48,36.91,1.54430,0.57,100
03/08/2011,ProShares Short Basic Materials,SBM,36.91,37.2,-0.77957,-0.29,100
03/07/2011,ProShares Short Basic Materials,SBM,37.2,36.52,1.86199,0.68,100
03/04/2011,ProShares Short Basic Materials,SBM,36.52,36.28,0.66152,0.24,100
03/03/2011,ProShares Short Basic Materials,SBM,36.28,37.14,-2.31556,-0.86,100
03/02/2011,ProShares Short Basic Materials,SBM,37.14,37.36,-0.58887,-0.22,100
03/01/2011,ProShares Short Basic Materials,SBM,37.36,36.61,2.04862,0.75,100
02/28/2011,ProShares Short Basic Materials,SBM,36.61,36.99,-1.02730,-0.38,100
02/25/2011,ProShares Short Basic Materials,SBM,36.99,37.62,-1.67464,-0.63,100
02/24/2011,ProShares Short Basic Materials,SBM,37.62,37.45,0.45394,0.17,100
02/23/2011,ProShares Short Basic Materials,SBM,37.45,37.32,0.34834,0.13,100
02/22/2011,ProShares Short Basic Materials,SBM,37.32,36.06,3.49418,1.26,100
02/18/2011,ProShares Short Basic Materials,SBM,36.06,35.63,1.20685,0.43,100
02/17/2011,ProShares Short Basic Materials,SBM,35.63,35.89,-0.72444,-0.26,100
02/16/2011,ProShares Short Basic Materials,SBM,35.89,36.33,-1.21112,-0.44,100
02/15/2011,ProShares Short Basic Materials,SBM,36.33,36.05,0.77670,0.28,100
02/14/2011,ProShares Short Basic Materials,SBM,36.05,36.62,-1.55653,-0.57,100
02/11/2011,ProShares Short Basic Materials,SBM,36.62,36.82,-0.54318,-0.2,100
02/10/2011,ProShares Short Basic Materials,SBM,36.82,37.02,-0.54025,-0.2,100
02/09/2011,ProShares Short Basic Materials,SBM,37.02,36.54,1.31363,0.48,100
02/08/2011,ProShares Short Basic Materials,SBM,36.54,36.73,-0.51729,-0.19,100
02/07/2011,ProShares Short Basic Materials,SBM,36.73,36.86,-0.35269,-0.13,100
02/04/2011,ProShares Short Basic Materials,SBM,36.86,36.79,0.19027,0.07,100
02/03/2011,ProShares Short Basic Materials,SBM,36.79,36.83,-0.10861,-0.04,100
02/02/2011,ProShares Short Basic Materials,SBM,36.83,36.7,0.35422,0.13,100
02/01/2011,ProShares Short Basic Materials,SBM,36.7,37.8,-2.91005,-1.1,100
01/31/2011,ProShares Short Basic Materials,SBM,37.8,38.44,-1.66493,-0.64,100
01/28/2011,ProShares Short Basic Materials,SBM,38.44,38.01,1.13128,0.43,100
01/27/2011,ProShares Short Basic Materials,SBM,38.01,37.65,0.95618,0.36,100
01/26/2011,ProShares Short Basic Materials,SBM,37.65,38.59,-2.43586,-0.94,100
01/25/2011,ProShares Short Basic Materials,SBM,38.59,38.6,-0.02591,-0.01,100
01/24/2011,ProShares Short Basic Materials,SBM,38.6,39.03,-1.10172,-0.43,100
01/21/2011,ProShares Short Basic Materials,SBM,39.03,38.81,0.56686,0.22,100
01/20/2011,ProShares Short Basic Materials,SBM,38.81,38.23,1.51713,0.58,100
01/19/2011,ProShares Short Basic Materials,SBM,38.23,37.29,2.52078,0.94,100
01/18/2011,ProShares Short Basic Materials,SBM,37.29,37.57,-0.74528,-0.28,100
01/14/2011,ProShares Short Basic Materials,SBM,37.57,37.47,0.26688,0.1,100
01/13/2011,ProShares Short Basic Materials,SBM,37.47,37.17,0.80710,0.3,100
01/12/2011,ProShares Short Basic Materials,SBM,37.17,37.47,-0.80064,-0.3,100
01/11/2011,ProShares Short Basic Materials,SBM,37.47,37.91,-1.16064,-0.44,100
01/10/2011,ProShares Short Basic Materials,SBM,37.91,37.99,-0.21058,-0.08,100
01/07/2011,ProShares Short Basic Materials,SBM,37.99,37.9,0.23747,0.09,100
01/06/2011,ProShares Short Basic Materials,SBM,37.9,37.61,0.77107,0.29,100
01/05/2011,ProShares Short Basic Materials,SBM,37.61,37.71,-0.26518,-0.1,100
01/04/2011,ProShares Short Basic Materials,SBM,37.71,37.45,0.69426,0.26,100
01/03/2011,ProShares Short Basic Materials,SBM,37.45,37.86,-1.08294,-0.41,100
12/31/2010,ProShares Short Basic Materials,SBM,37.86,37.88,-0.05280,-0.02,100
12/30/2010,ProShares Short Basic Materials,SBM,37.88,37.94,-0.15814,-0.06,100
12/29/2010,ProShares Short Basic Materials,SBM,37.94,38.17,-0.60257,-0.23,100
12/28/2010,ProShares Short Basic Materials,SBM,38.17,38.27,-0.26130,-0.1,100
12/27/2010,ProShares Short Basic Materials,SBM,38.27,38.2,0.18325,0.07,100
12/23/2010,ProShares Short Basic Materials,SBM,38.2,38.33,-0.33916,-0.13,100
12/22/2010,ProShares Short Basic Materials,SBM,38.33,38.32,0.02610,0.01,100
12/21/2010,ProShares Short Basic Materials,SBM,38.32,38.82,-1.28800,-0.5,100
12/20/2010,ProShares Short Basic Materials,SBM,38.82,39.05,-0.58899,-0.23,100
12/17/2010,ProShares Short Basic Materials,SBM,39.05,39.28,-0.58554,-0.23,100
12/16/2010,ProShares Short Basic Materials,SBM,39.28,39.58,-0.75796,-0.3,100
12/15/2010,ProShares Short Basic Materials,SBM,39.58,39.26,0.81508,0.32,100
12/14/2010,ProShares Short Basic Materials,SBM,39.26,39.26,0.00000,0,100
12/13/2010,ProShares Short Basic Materials,SBM,39.26,39.37,-0.27940,-0.11,100
12/10/2010,ProShares Short Basic Materials,SBM,39.37,39.74,-0.93105,-0.37,100
12/09/2010,ProShares Short Basic Materials,SBM,39.74,39.95,-0.52566,-0.21,100
12/08/2010,ProShares Short Basic Materials,SBM,39.95,39.52,1.08806,0.43,100
12/07/2010,ProShares Short Basic Materials,SBM,39.52,39.47,0.12668,0.05,100
12/06/2010,ProShares Short Basic Materials,SBM,39.47,39.63,-0.40373,-0.16,100
12/03/2010,ProShares Short Basic Materials,SBM,39.63,40.09,-1.14742,-0.46,100
12/02/2010,ProShares Short Basic Materials,SBM,40.09,40.71,-1.52297,-0.62,100
12/01/2010,ProShares Short Basic Materials,SBM,40.71,41.86,-2.74725,-1.15,100
11/30/2010,ProShares Short Basic Materials,SBM,41.86,41.77,0.21547,0.09,100
11/29/2010,ProShares Short Basic Materials,SBM,41.77,41.97,-0.47653,-0.2,100
11/26/2010,ProShares Short Basic Materials,SBM,41.97,41.48,1.18129,0.49,100
11/24/2010,ProShares Short Basic Materials,SBM,41.48,42.32,-1.98488,-0.84,100
11/23/2010,ProShares Short Basic Materials,SBM,42.32,41.53,1.90224,0.79,100
11/22/2010,ProShares Short Basic Materials,SBM,41.53,41.6,-0.16827,-0.07,100
11/19/2010,ProShares Short Basic Materials,SBM,41.6,42.09,-1.16417,-0.49,100
11/18/2010,ProShares Short Basic Materials,SBM,42.09,43.09,-2.32072,-1,100
11/17/2010,ProShares Short Basic Materials,SBM,43.09,43.17,-0.18531,-0.08,100
11/16/2010,ProShares Short Basic Materials,SBM,43.17,42.16,2.39564,1.01,100
11/15/2010,ProShares Short Basic Materials,SBM,42.16,41.85,0.74074,0.31,100
11/12/2010,ProShares Short Basic Materials,SBM,41.85,40.84,2.47307,1.01,100
11/11/2010,ProShares Short Basic Materials,SBM,40.84,41.29,-1.08985,-0.45,100
11/10/2010,ProShares Short Basic Materials,SBM,41.29,41.69,-0.95946,-0.4,100
11/09/2010,ProShares Short Basic Materials,SBM,41.69,40.9,1.93154,0.79,100
11/08/2010,ProShares Short Basic Materials,SBM,40.9,41.18,-0.67994,-0.28,100
11/05/2010,ProShares Short Basic Materials,SBM,41.18,41.48,-0.72324,-0.3,100
11/04/2010,ProShares Short Basic Materials,SBM,41.48,42.93,-3.37759,-1.45,100
11/03/2010,ProShares Short Basic Materials,SBM,42.93,42.78,0.35063,0.15,100
11/02/2010,ProShares Short Basic Materials,SBM,42.78,43.14,-0.83449,-0.36,100
11/01/2010,ProShares Short Basic Materials,SBM,43.14,43.25,-0.25434,-0.11,100
10/29/2010,ProShares Short Basic Materials,SBM,43.25,43.55,-0.68886,-0.3,100
10/28/2010,ProShares Short Basic Materials,SBM,43.55,43.55,0.00000,0,100
10/27/2010,ProShares Short Basic Materials,SBM,43.55,43.08,1.09099,0.47,100
10/26/2010,ProShares Short Basic Materials,SBM,43.08,43.08,0.00000,0,100
10/25/2010,ProShares Short Basic Materials,SBM,43.08,43.86,-1.77839,-0.78,100
10/22/2010,ProShares Short Basic Materials,SBM,43.86,43.58,0.64250,0.28,100
10/21/2010,ProShares Short Basic Materials,SBM,43.58,43.55,0.06889,0.03,100
10/20/2010,ProShares Short Basic Materials,SBM,43.55,44.63,-2.41990,-1.08,100
10/19/2010,ProShares Short Basic Materials,SBM,44.63,43.45,2.71577,1.18,100
10/18/2010,ProShares Short Basic Materials,SBM,43.45,43.52,-0.16085,-0.07,100
10/15/2010,ProShares Short Basic Materials,SBM,43.52,43.5,0.04598,0.02,100
10/14/2010,ProShares Short Basic Materials,SBM,43.5,43.16,0.78777,0.34,100
10/13/2010,ProShares Short Basic Materials,SBM,43.16,43.82,-1.50616,-0.66,100
10/12/2010,ProShares Short Basic Materials,SBM,43.82,43.87,-0.11397,-0.05,100
10/11/2010,ProShares Short Basic Materials,SBM,43.87,43.84,0.06843,0.03,100
10/08/2010,ProShares Short Basic Materials,SBM,43.84,44.85,-2.25195,-1.01,100
10/07/2010,ProShares Short Basic Materials,SBM,44.85,44.48,0.83183,0.37,100
10/06/2010,ProShares Short Basic Materials,SBM,44.48,44.92,-0.97952,-0.44,100
10/05/2010,ProShares Short Basic Materials,SBM,44.92,46.28,-2.93863,-1.36,100
10/04/2010,ProShares Short Basic Materials,SBM,46.28,45.55,1.60263,0.73,100
10/01/2010,ProShares Short Basic Materials,SBM,45.55,46.22,-1.44959,-0.67,100
09/30/2010,ProShares Short Basic Materials,SBM,46.22,46.05,0.36916,0.17,100
09/29/2010,ProShares Short Basic Materials,SBM,46.05,45.81,0.52390,0.24,100
09/28/2010,ProShares Short Basic Materials,SBM,45.81,46.12,-0.67216,-0.31,100
09/27/2010,ProShares Short Basic Materials,SBM,46.12,45.96,0.34813,0.16,100
09/24/2010,ProShares Short Basic Materials,SBM,45.96,47.12,-2.46180,-1.16,100
09/23/2010,ProShares Short Basic Materials,SBM,47.12,46.72,0.85616,0.4,100
09/22/2010,ProShares Short Basic Materials,SBM,46.72,46.93,-0.44747,-0.21,100
09/21/2010,ProShares Short Basic Materials,SBM,46.93,46.73,0.42799,0.2,100
09/20/2010,ProShares Short Basic Materials,SBM,46.73,47.28,-1.16328,-0.55,100
09/17/2010,ProShares Short Basic Materials,SBM,47.28,47.26,0.04232,0.02,100
09/16/2010,ProShares Short Basic Materials,SBM,47.26,47.7,-0.92243,-0.44,100
09/15/2010,ProShares Short Basic Materials,SBM,47.7,47.66,0.08393,0.04,100
09/14/2010,ProShares Short Basic Materials,SBM,47.66,47.6,0.12605,0.06,100
09/13/2010,ProShares Short Basic Materials,SBM,47.6,48.5,-1.85567,-0.9,100
09/10/2010,ProShares Short Basic Materials,SBM,48.5,48.75,-0.51282,-0.25,100
09/09/2010,ProShares Short Basic Materials,SBM,48.75,48.45,0.61920,0.3,100
09/08/2010,ProShares Short Basic Materials,SBM,48.45,48.86,-0.83913,-0.41,100
09/07/2010,ProShares Short Basic Materials,SBM,48.86,48.42,0.90872,0.44,100
09/03/2010,ProShares Short Basic Materials,SBM,48.42,49.02,-1.22399,-0.6,100
09/02/2010,ProShares Short Basic Materials,SBM,49.02,49.53,-1.02968,-0.51,100
09/01/2010,ProShares Short Basic Materials,SBM,49.53,51.27,-3.39380,-1.74,100
08/31/2010,ProShares Short Basic Materials,SBM,51.27,51.89,-1.19484,-0.62,100
08/30/2010,ProShares Short Basic Materials,SBM,51.89,51.08,1.58575,0.81,100
08/27/2010,ProShares Short Basic Materials,SBM,51.08,52.83,-3.31251,-1.75,100
08/26/2010,ProShares Short Basic Materials,SBM,52.83,52.77,0.11370,0.06,100
08/25/2010,ProShares Short Basic Materials,SBM,52.77,52.85,-0.15137,-0.08,100
08/24/2010,ProShares Short Basic Materials,SBM,52.85,51.5,2.62136,1.35,100
08/23/2010,ProShares Short Basic Materials,SBM,51.5,50.97,1.03983,0.53,100
08/20/2010,ProShares Short Basic Materials,SBM,50.97,50.63,0.67154,0.34,100
08/19/2010,ProShares Short Basic Materials,SBM,50.63,49.58,2.11779,1.05,100
08/18/2010,ProShares Short Basic Materials,SBM,49.58,49.77,-0.38176,-0.19,100
08/17/2010,ProShares Short Basic Materials,SBM,49.77,51.02,-2.45002,-1.25,100
08/16/2010,ProShares Short Basic Materials,SBM,51.02,51.31,-0.56519,-0.29,100
08/13/2010,ProShares Short Basic Materials,SBM,51.31,51.04,0.52900,0.27,100
08/12/2010,ProShares Short Basic Materials,SBM,51.04,51.27,-0.44861,-0.23,100
08/11/2010,ProShares Short Basic Materials,SBM,51.27,49.54,3.49213,1.73,100
08/10/2010,ProShares Short Basic Materials,SBM,49.54,48.95,1.20531,0.59,100
08/09/2010,ProShares Short Basic Materials,SBM,48.95,49.24,-0.58895,-0.29,100
08/06/2010,ProShares Short Basic Materials,SBM,49.24,49.22,0.04063,0.02,100
08/05/2010,ProShares Short Basic Materials,SBM,49.22,49.24,-0.04062,-0.02,100
08/04/2010,ProShares Short Basic Materials,SBM,49.24,49.81,-1.14435,-0.57,100
08/03/2010,ProShares Short Basic Materials,SBM,49.81,49.05,1.54944,0.76,100
08/02/2010,ProShares Short Basic Materials,SBM,49.05,50.58,-3.02491,-1.53,100
07/30/2010,ProShares Short Basic Materials,SBM,50.58,50.89,-0.60916,-0.31,100
07/29/2010,ProShares Short Basic Materials,SBM,50.89,51.03,-0.27435,-0.14,100
07/28/2010,ProShares Short Basic Materials,SBM,51.03,50.73,0.59137,0.3,100
07/27/2010,ProShares Short Basic Materials,SBM,50.73,50.16,1.13636,0.57,100
07/26/2010,ProShares Short Basic Materials,SBM,50.16,50.56,-0.79114,-0.4,100
07/23/2010,ProShares Short Basic Materials,SBM,50.56,51.52,-1.86335,-0.96,100
07/22/2010,ProShares Short Basic Materials,SBM,51.52,53.27,-3.28515,-1.75,100
07/21/2010,ProShares Short Basic Materials,SBM,53.27,53.1,0.32015,0.17,100
07/20/2010,ProShares Short Basic Materials,SBM,53.1,54.82,-3.13754,-1.72,100
07/19/2010,ProShares Short Basic Materials,SBM,54.82,54.94,-0.21842,-0.12,100
07/16/2010,ProShares Short Basic Materials,SBM,54.94,53.17,3.32894,1.77,100
07/15/2010,ProShares Short Basic Materials,SBM,53.17,52.95,0.41549,0.22,100
07/14/2010,ProShares Short Basic Materials,SBM,52.95,52.79,0.30309,0.16,100
07/13/2010,ProShares Short Basic Materials,SBM,52.79,53.94,-2.13200,-1.15,100
07/12/2010,ProShares Short Basic Materials,SBM,53.94,53.02,1.73519,0.92,100
07/09/2010,ProShares Short Basic Materials,SBM,53.02,54.15,-2.08680,-1.13,100
07/08/2010,ProShares Short Basic Materials,SBM,54.15,55.09,-1.70630,-0.94,100
07/07/2010,ProShares Short Basic Materials,SBM,55.09,57.72,-4.55648,-2.63,100
07/06/2010,ProShares Short Basic Materials,SBM,57.72,57.86,-0.24196,-0.14,100
07/02/2010,ProShares Short Basic Materials,SBM,57.86,57.51,0.60859,0.35,100
07/01/2010,ProShares Short Basic Materials,SBM,57.51,57.09,0.73568,0.42,100
06/30/2010,ProShares Short Basic Materials,SBM,57.09,56.37,1.27728,0.72,100
06/29/2010,ProShares Short Basic Materials,SBM,56.37,54.05,4.29232,2.32,100
06/28/2010,ProShares Short Basic Materials,SBM,54.05,53.37,1.27412,0.68,100
06/25/2010,ProShares Short Basic Materials,SBM,53.37,54.31,-1.73080,-0.94,100
06/24/2010,ProShares Short Basic Materials,SBM,54.31,52.94,2.58784,1.37,100
06/23/2010,ProShares Short Basic Materials,SBM,52.94,53.08,-0.26375,-0.14,100
06/22/2010,ProShares Short Basic Materials,SBM,53.08,51.77,2.53042,1.31,100
06/21/2010,ProShares Short Basic Materials,SBM,51.77,52.06,-0.55705,-0.29,100
06/18/2010,ProShares Short Basic Materials,SBM,52.06,52.38,-0.61092,-0.32,100
06/17/2010,ProShares Short Basic Materials,SBM,52.38,52.11,0.51813,0.27,100
06/16/2010,ProShares Short Basic Materials,SBM,52.11,52,0.21154,0.11,100
06/15/2010,ProShares Short Basic Materials,SBM,52,53.54,-2.87635,-1.54,100
06/14/2010,ProShares Short Basic Materials,SBM,53.54,53.18,0.67695,0.36,100
06/11/2010,ProShares Short Basic Materials,SBM,53.18,53.87,-1.28086,-0.69,100
06/10/2010,ProShares Short Basic Materials,SBM,53.87,56.21,-4.16296,-2.34,100
06/09/2010,ProShares Short Basic Materials,SBM,56.21,56.24,-0.05334,-0.03,100
06/08/2010,ProShares Short Basic Materials,SBM,56.24,57.66,-2.46271,-1.42,100
06/07/2010,ProShares Short Basic Materials,SBM,57.66,56.49,2.07116,1.17,100
06/04/2010,ProShares Short Basic Materials,SBM,56.49,54.1,4.41774,2.39,100
06/03/2010,ProShares Short Basic Materials,SBM,54.1,53.42,1.27293,0.68,100
06/02/2010,ProShares Short Basic Materials,SBM,53.42,55.46,-3.67833,-2.04,100
06/01/2010,ProShares Short Basic Materials,SBM,55.46,53.43,3.79936,2.03,100
05/28/2010,ProShares Short Basic Materials,SBM,53.43,52.44,1.88787,0.99,100
05/27/2010,ProShares Short Basic Materials,SBM,52.44,55.31,-5.18894,-2.87,100
05/26/2010,ProShares Short Basic Materials,SBM,55.31,55.16,0.27194,0.15,100
05/25/2010,ProShares Short Basic Materials,SBM,55.16,56.15,-1.76313,-0.99,100
05/24/2010,ProShares Short Basic Materials,SBM,56.15,55.25,1.62896,0.9,100
05/21/2010,ProShares Short Basic Materials,SBM,55.25,56.91,-2.91689,-1.66,100
05/20/2010,ProShares Short Basic Materials,SBM,56.91,54.35,4.71021,2.56,100
05/19/2010,ProShares Short Basic Materials,SBM,54.35,53.74,1.13509,0.61,100
05/18/2010,ProShares Short Basic Materials,SBM,53.74,52.97,1.45365,0.77,100
05/17/2010,ProShares Short Basic Materials,SBM,52.97,52.3,1.28107,0.67,100
05/14/2010,ProShares Short Basic Materials,SBM,52.3,50.88,2.79088,1.42,100
05/13/2010,ProShares Short Basic Materials,SBM,50.88,50.4,0.95238,0.48,100
05/12/2010,ProShares Short Basic Materials,SBM,50.4,51.77,-2.64632,-1.37,100
05/11/2010,ProShares Short Basic Materials,SBM,51.77,51.12,1.27152,0.65,100
05/10/2010,ProShares Short Basic Materials,SBM,51.12,54.24,-5.75221,-3.12,100
05/07/2010,ProShares Short Basic Materials,SBM,54.24,53.39,1.59206,0.85,100
05/06/2010,ProShares Short Basic Materials,SBM,53.39,51.79,3.08940,1.6,100
05/05/2010,ProShares Short Basic Materials,SBM,51.79,51.33,0.89616,0.46,100
05/04/2010,ProShares Short Basic Materials,SBM,51.33,49.42,3.86483,1.91,100
05/03/2010,ProShares Short Basic Materials,SBM,49.42,49.43,-0.02023,-0.01,100
04/30/2010,ProShares Short Basic Materials,SBM,49.43,48.38,2.17032,1.05,100
04/29/2010,ProShares Short Basic Materials,SBM,48.38,48.85,-0.96213,-0.47,100
04/28/2010,ProShares Short Basic Materials,SBM,48.85,49.46,-1.23332,-0.61,100
04/27/2010,ProShares Short Basic Materials,SBM,49.46,47.87,3.32150,1.59,100
04/26/2010,ProShares Short Basic Materials,SBM,47.87,47.9,-0.06263,-0.03,100
04/23/2010,ProShares Short Basic Materials,SBM,47.9,48.73,-1.70326,-0.83,100
04/22/2010,ProShares Short Basic Materials,SBM,48.73,49.1,-0.75356,-0.37,100
04/21/2010,ProShares Short Basic Materials,SBM,49.1,49.03,0.14277,0.07,100
04/20/2010,ProShares Short Basic Materials,SBM,49.03,49.2,-0.34553,-0.17,100
04/19/2010,ProShares Short Basic Materials,SBM,49.2,49.05,0.30581,0.15,100
04/16/2010,ProShares Short Basic Materials,SBM,49.05,47.99,2.20879,1.06,100
04/15/2010,ProShares Short Basic Materials,SBM,47.99,47.84,0.31355,0.15,100
04/14/2010,ProShares Short Basic Materials,SBM,47.84,48.3,-0.95238,-0.46,100
04/13/2010,ProShares Short Basic Materials,SBM,48.3,48.19,0.22826,0.11,100
04/12/2010,ProShares Short Basic Materials,SBM,48.19,48.02,0.35402,0.17,100
04/09/2010,ProShares Short Basic Materials,SBM,48.02,48.22,-0.41477,-0.2,100
04/08/2010,ProShares Short Basic Materials,SBM,48.22,48.25,-0.06218,-0.03,100
04/07/2010,ProShares Short Basic Materials,SBM,48.25,47.99,0.54178,0.26,100
04/06/2010,ProShares Short Basic Materials,SBM,47.99,48.17,-0.37368,-0.18,100
04/05/2010,ProShares Short Basic Materials,SBM,48.17,48.99,-1.67381,-0.82,100
04/01/2010,ProShares Short Basic Materials,SBM,48.99,49.96,-1.94155,-0.97,100
03/31/2010,ProShares Short Basic Materials,SBM,49.96,49.72,0.48270,0.24,100
03/30/2010,ProShares Short Basic Materials,SBM,49.72,49.73,-0.02011,-0.01,100
03/29/2010,ProShares Short Basic Materials,SBM,49.73,50.45,-1.42716,-0.72,100
03/26/2010,ProShares Short Basic Materials,SBM,50.45,50.9,-0.88409,-0.45,100
03/25/2010,ProShares Short Basic Materials,SBM,50.9,49.78,2.24990,1.12,100
03/24/2010,ProShares Short Basic Materials,SBM,49.78,49.67,0.22146,0.11,100
03/23/2010,ProShares Short Basic Materials,SBM,49.67,50.4,-1.44841,-0.73,100
03/22/2010,ProShares Short Basic Materials,SBM,50.4,51.03,-1.23457,-0.63,100
03/19/2010,ProShares Short Basic Materials,SBM,51.03,50.23,1.59267,0.8,100
03/18/2010,ProShares Short Basic Materials,SBM,50.23,49.7,1.06640,0.53,100
03/17/2010,ProShares Short Basic Materials,SBM,49.7,50,-0.60000,-0.3,100
03/16/2010,ProShares Short Basic Materials,SBM,50,50,0.00000,0,100
