date_et,event_type,source_id,source_sha256,official_release_time_et,is_fomc_statement_day,is_cpi_release_day,is_nfp_release_day
2010-06-17,CPI,bls_schedule_2010_home,d07824c812ed3676a23d4de786ce6b082296fd24a11c09bfb46fd30fb1a0fdbf,08:30,false,true,false
2010-06-22,FOMC,fed_fomchistorical2010,ec8346d1c2a7424a3f9f1cf9f559f80e82089ffc5289a971b2e34ffedddc03ba,,false,false,false
2010-06-23,FOMC,fed_statement_20100623a,48f45a4187a7339029dd4429ce84d5fd4653851882a87d1717030c248a27a8a7,NOT_ATTESTED_IN_OFFICIAL_SOURCE,true,false,false
2010-07-02,NFP,bls_schedule_2010_home,d07824c812ed3676a23d4de786ce6b082296fd24a11c09bfb46fd30fb1a0fdbf,08:30,false,false,true
2010-07-16,CPI,bls_schedule_2010_home,d07824c812ed3676a23d4de786ce6b082296fd24a11c09bfb46fd30fb1a0fdbf,08:30,false,true,false
2010-08-06,NFP,bls_schedule_2010_home,d07824c812ed3676a23d4de786ce6b082296fd24a11c09bfb46fd30fb1a0fdbf,08:30,false,false,true
2010-08-10,FOMC,fed_statement_20100810a,8071b1ea4b20ca36f866b7584ccce1ecdc967990ab3bab8fb563d0af893dc7e9,NOT_ATTESTED_IN_OFFICIAL_SOURCE,true,false,false
2010-08-13,CPI,bls_schedule_2010_home,d07824c812ed3676a23d4de786ce6b082296fd24a11c09bfb46fd30fb1a0fdbf,08:30,false,true,false
2010-09-03,NFP,bls_schedule_2010_home,d07824c812ed3676a23d4de786ce6b082296fd24a11c09bfb46fd30fb1a0fdbf,08:30,false,false,true
2010-09-17,CPI,bls_schedule_2010_home,d07824c812ed3676a23d4de786ce6b082296fd24a11c09bfb46fd30fb1a0fdbf,08:30,false,true,false
2010-09-21,FOMC,fed_statement_20100921a,c2f8e6363a91c80e4416b671f0fc54304f63c4387a44b6a8a6985dd9d0339305,NOT_ATTESTED_IN_OFFICIAL_SOURCE,true,false,false
2010-10-08,NFP,bls_schedule_2010_home,d07824c812ed3676a23d4de786ce6b082296fd24a11c09bfb46fd30fb1a0fdbf,08:30,false,false,true
2010-10-15,CPI,bls_schedule_2010_home,d07824c812ed3676a23d4de786ce6b082296fd24a11c09bfb46fd30fb1a0fdbf,08:30,false,true,false
2010-10-15,FOMC,fed_fomchistorical2010,ec8346d1c2a7424a3f9f1cf9f559f80e82089ffc5289a971b2e34ffedddc03ba,,false,false,false
2010-11-02,FOMC,fed_fomchistorical2010,ec8346d1c2a7424a3f9f1cf9f559f80e82089ffc5289a971b2e34ffedddc03ba,,false,false,false
2010-11-03,FOMC,fed_statement_20101103a,e772995f1e601a03338f396a1728545fb412fc8ab96587187d36f433a7255148,NOT_ATTESTED_IN_OFFICIAL_SOURCE,true,false,false
2010-11-05,NFP,bls_schedule_2010_home,d07824c812ed3676a23d4de786ce6b082296fd24a11c09bfb46fd30fb1a0fdbf,08:30,false,false,true
2010-11-17,CPI,bls_schedule_2010_home,d07824c812ed3676a23d4de786ce6b082296fd24a11c09bfb46fd30fb1a0fdbf,08:30,false,true,false
2010-12-03,NFP,bls_schedule_2010_home,d07824c812ed3676a23d4de786ce6b082296fd24a11c09bfb46fd30fb1a0fdbf,08:30,false,false,true
2010-12-14,FOMC,fed_statement_20101214a,a63c144c9ea708727ed5ee0d1bd20df6b4e6b9278983be12901a0373d42327d1,NOT_ATTESTED_IN_OFFICIAL_SOURCE,true,false,false
2010-12-15,CPI,bls_schedule_2010_home,d07824c812ed3676a23d4de786ce6b082296fd24a11c09bfb46fd30fb1a0fdbf,08:30,false,true,false
2011-01-07,NFP,bls_schedule_2011_home,29059f51f44d18c231066c5741536c61a53c492b98815767115db0728ef1151e,08:30,false,false,true
2011-01-14,CPI,bls_schedule_2011_home,29059f51f44d18c231066c5741536c61a53c492b98815767115db0728ef1151e,08:30,false,true,false
2011-01-25,FOMC,fed_fomchistorical2011,f00210b38b30350b3cf2e0b34f7eaa1da5eeec99134a3e869bb009fa986e2d19,,false,false,false
2011-01-26,FOMC,fed_statement_20110126a,5bcba7edf47ebe30b7d258379bdcc01fda03d2876611856fc66d953dfcc88522,NOT_ATTESTED_IN_OFFICIAL_SOURCE,true,false,false
2011-02-04,NFP,bls_schedule_2011_home,29059f51f44d18c231066c5741536c61a53c492b98815767115db0728ef1151e,08:30,false,false,true
2011-02-17,CPI,bls_schedule_2011_home,29059f51f44d18c231066c5741536c61a53c492b98815767115db0728ef1151e,08:30,false,true,false
2011-03-04,NFP,bls_schedule_2011_home,29059f51f44d18c231066c5741536c61a53c492b98815767115db0728ef1151e,08:30,false,false,true
2011-03-15,FOMC,fed_statement_20110315a,de853f9e15ab9c06fa6f77423f541cc100ae6a9821187b8626060af79516186c,NOT_ATTESTED_IN_OFFICIAL_SOURCE,true,false,false
2011-03-17,CPI,bls_schedule_2011_home,29059f51f44d18c231066c5741536c61a53c492b98815767115db0728ef1151e,08:30,false,true,false
2011-04-01,NFP,bls_schedule_2011_home,29059f51f44d18c231066c5741536c61a53c492b98815767115db0728ef1151e,08:30,false,false,true
2011-04-15,CPI,bls_schedule_2011_home,29059f51f44d18c231066c5741536c61a53c492b98815767115db0728ef1151e,08:30,false,true,false
2011-04-26,FOMC,fed_fomchistorical2011,f00210b38b30350b3cf2e0b34f7eaa1da5eeec99134a3e869bb009fa986e2d19,,false,false,false
2011-04-27,FOMC,fed_statement_20110427a,1c27d183491cdea4587478bd0878fd20d69ec5545732f1ec2ea060b5d48106cc,NOT_ATTESTED_IN_OFFICIAL_SOURCE,true,false,false
2011-05-06,NFP,bls_schedule_2011_home,29059f51f44d18c231066c5741536c61a53c492b98815767115db0728ef1151e,08:30,false,false,true
2011-05-13,CPI,bls_schedule_2011_home,29059f51f44d18c231066c5741536c61a53c492b98815767115db0728ef1151e,08:30,false,true,false
2011-06-03,NFP,bls_schedule_2011_home,29059f51f44d18c231066c5741536c61a53c492b98815767115db0728ef1151e,08:30,false,false,true
2011-06-15,CPI,bls_schedule_2011_home,29059f51f44d18c231066c5741536c61a53c492b98815767115db0728ef1151e,08:30,false,true,false
2011-06-21,FOMC,fed_fomchistorical2011,f00210b38b30350b3cf2e0b34f7eaa1da5eeec99134a3e869bb009fa986e2d19,,false,false,false
2011-06-22,FOMC,fed_statement_20110622a,539a35f2192bb2588ce714958392cb7ff6e66b41b3f79b6401a5809416907276,NOT_ATTESTED_IN_OFFICIAL_SOURCE,true,false,false
2011-07-08,NFP,bls_schedule_2011_home,29059f51f44d18c231066c5741536c61a53c492b98815767115db0728ef1151e,08:30,false,false,true
2011-07-15,CPI,bls_schedule_2011_home,29059f51f44d18c231066c5741536c61a53c492b98815767115db0728ef1151e,08:30,false,true,false
2011-08-01,FOMC,fed_fomchistorical2011,f00210b38b30350b3cf2e0b34f7eaa1da5eeec99134a3e869bb009fa986e2d19,,false,false,false
2011-08-05,NFP,bls_schedule_2011_home,29059f51f44d18c231066c5741536c61a53c492b98815767115db0728ef1151e,08:30,false,false,true
2011-08-09,FOMC,fed_statement_20110809a,c0ab6461fab043db4765edc989827a1e69dec47ecdcf2d3fa6cbe54027b2ff07,NOT_ATTESTED_IN_OFFICIAL_SOURCE,true,false,false
2011-08-18,CPI,bls_schedule_2011_home,29059f51f44d18c231066c5741536c61a53c492b98815767115db0728ef1151e,08:30,false,true,false
2011-09-02,NFP,bls_schedule_2011_home,29059f51f44d18c231066c5741536c61a53c492b98815767115db0728ef1151e,08:30,false,false,true
2011-09-15,CPI,bls_schedule_2011_home,29059f51f44d18c231066c5741536c61a53c492b98815767115db0728ef1151e,08:30,false,true,false
2011-09-20,FOMC,fed_fomchistorical2011,f00210b38b30350b3cf2e0b34f7eaa1da5eeec99134a3e869bb009fa986e2d19,,false,false,false
2011-09-21,FOMC,fed_statement_20110921a,89e9ed94f16aecc1da328bc8fe8a56d4c1089f48019365d341878cd25c64e6e6,NOT_ATTESTED_IN_OFFICIAL_SOURCE,true,false,false
2011-10-07,NFP,bls_schedule_2011_home,29059f51f44d18c231066c5741536c61a53c492b98815767115db0728ef1151e,08:30,false,false,true
2011-10-19,CPI,bls_schedule_2011_home,29059f51f44d18c231066c5741536c61a53c492b98815767115db0728ef1151e,08:30,false,true,false
2011-11-01,FOMC,fed_fomchistorical2011,f00210b38b30350b3cf2e0b34f7eaa1da5eeec99134a3e869bb009fa986e2d19,,false,false,false
2011-11-02,FOMC,fed_statement_20111102a,a7283f261996d1d641130a5ec7395b79090b36e4d442620664f09ac0366a9348,NOT_ATTESTED_IN_OFFICIAL_SOURCE,true,false,false
2011-11-04,NFP,bls_schedule_2011_home,29059f51f44d18c231066c5741536c61a53c492b98815767115db0728ef1151e,08:30,false,false,true
2011-11-16,CPI,bls_schedule_2011_home,29059f51f44d18c231066c5741536c61a53c492b98815767115db0728ef1151e,08:30,false,true,false
2011-11-28,FOMC,fed_fomchistorical2011,f00210b38b30350b3cf2e0b34f7eaa1da5eeec99134a3e869bb009fa986e2d19,,false,false,false
2011-12-02,NFP,bls_schedule_2011_home,29059f51f44d18c231066c5741536c61a53c492b98815767115db0728ef1151e,08:30,false,false,true
2011-12-13,FOMC,fed_statement_20111213a,4487709329d693e39ba7b052b5bed72edff3c8e601c5269fbf0d72e7111543cb,NOT_ATTESTED_IN_OFFICIAL_SOURCE,true,false,false
2011-12-16,CPI,bls_schedule_2011_home,29059f51f44d18c231066c5741536c61a53c492b98815767115db0728ef1151e,08:30,false,true,false
2012-01-06,NFP,bls_schedule_2012_home,833f2e4fa96f44d43d6d946c268df3ce3e449db297b2dede7622217556774c9a,08:30,false,false,true
2012-01-19,CPI,bls_schedule_2012_home,833f2e4fa96f44d43d6d946c268df3ce3e449db297b2dede7622217556774c9a,08:30,false,true,false
2012-01-24,FOMC,fed_fomchistorical2012,0cd5a0b0c3fb10d9d5d81df457e8ef3803ffe4817985f1b949b6f3e416649a8c,,false,false,false
2012-01-25,FOMC,fed_statement_20120125a,ad3df2cef8fe5250b96b1c478cda263428f5def92610579452571e03fd896fdc,NOT_ATTESTED_IN_OFFICIAL_SOURCE,true,false,false
2012-02-03,NFP,bls_schedule_2012_home,833f2e4fa96f44d43d6d946c268df3ce3e449db297b2dede7622217556774c9a,08:30,false,false,true
2012-02-17,CPI,bls_schedule_2012_home,833f2e4fa96f44d43d6d946c268df3ce3e449db297b2dede7622217556774c9a,08:30,false,true,false
2012-03-09,NFP,bls_schedule_2012_home,833f2e4fa96f44d43d6d946c268df3ce3e449db297b2dede7622217556774c9a,08:30,false,false,true
2012-03-13,FOMC,fed_statement_20120313a,22165cce172ebcb8b15f20427de1c8a6608a614f52120cdac045df3c25119c86,NOT_ATTESTED_IN_OFFICIAL_SOURCE,true,false,false
2012-03-16,CPI,bls_schedule_2012_home,833f2e4fa96f44d43d6d946c268df3ce3e449db297b2dede7622217556774c9a,08:30,false,true,false
2012-04-06,NFP,bls_schedule_2012_home,833f2e4fa96f44d43d6d946c268df3ce3e449db297b2dede7622217556774c9a,08:30,false,false,true
2012-04-13,CPI,bls_schedule_2012_home,833f2e4fa96f44d43d6d946c268df3ce3e449db297b2dede7622217556774c9a,08:30,false,true,false
2012-04-24,FOMC,fed_fomchistorical2012,0cd5a0b0c3fb10d9d5d81df457e8ef3803ffe4817985f1b949b6f3e416649a8c,,false,false,false
2012-04-25,FOMC,fed_statement_20120425a,fb9f747a01a072b726b6fd6bf73131159ce5ec0506945dad64faca4766b23933,NOT_ATTESTED_IN_OFFICIAL_SOURCE,true,false,false
2012-05-04,NFP,bls_schedule_2012_home,833f2e4fa96f44d43d6d946c268df3ce3e449db297b2dede7622217556774c9a,08:30,false,false,true
2012-05-15,CPI,bls_schedule_2012_home,833f2e4fa96f44d43d6d946c268df3ce3e449db297b2dede7622217556774c9a,08:30,false,true,false
2012-06-01,NFP,bls_schedule_2012_home,833f2e4fa96f44d43d6d946c268df3ce3e449db297b2dede7622217556774c9a,08:30,false,false,true
2012-06-14,CPI,bls_schedule_2012_home,833f2e4fa96f44d43d6d946c268df3ce3e449db297b2dede7622217556774c9a,08:30,false,true,false
2012-06-19,FOMC,fed_fomchistorical2012,0cd5a0b0c3fb10d9d5d81df457e8ef3803ffe4817985f1b949b6f3e416649a8c,,false,false,false
2012-06-20,FOMC,fed_statement_20120620a,18fd18813557d106f2ed747eebba7c64d31369811ca67e0642da4f607e636a54,NOT_ATTESTED_IN_OFFICIAL_SOURCE,true,false,false
2012-07-06,NFP,bls_schedule_2012_home,833f2e4fa96f44d43d6d946c268df3ce3e449db297b2dede7622217556774c9a,08:30,false,false,true
2012-07-17,CPI,bls_schedule_2012_home,833f2e4fa96f44d43d6d946c268df3ce3e449db297b2dede7622217556774c9a,08:30,false,true,false
2012-07-31,FOMC,fed_fomchistorical2012,0cd5a0b0c3fb10d9d5d81df457e8ef3803ffe4817985f1b949b6f3e416649a8c,,false,false,false
2012-08-01,FOMC,fed_statement_20120801a,43562beab4c193bee0ff970f86f9fa6b5b06bdd61c05205599aee2aac2a89a55,NOT_ATTESTED_IN_OFFICIAL_SOURCE,true,false,false
2012-08-03,NFP,bls_schedule_2012_home,833f2e4fa96f44d43d6d946c268df3ce3e449db297b2dede7622217556774c9a,08:30,false,false,true
2012-08-15,CPI,bls_schedule_2012_home,833f2e4fa96f44d43d6d946c268df3ce3e449db297b2dede7622217556774c9a,08:30,false,true,false
2012-09-07,NFP,bls_schedule_2012_home,833f2e4fa96f44d43d6d946c268df3ce3e449db297b2dede7622217556774c9a,08:30,false,false,true
2012-09-12,FOMC,fed_fomchistorical2012,0cd5a0b0c3fb10d9d5d81df457e8ef3803ffe4817985f1b949b6f3e416649a8c,,false,false,false
2012-09-13,FOMC,fed_statement_20120913a,98a509b4b7d9fa1b42c100990122268f67e0e22310df28fa0d03cc7dc5e85bea,NOT_ATTESTED_IN_OFFICIAL_SOURCE,true,false,false
2012-09-14,CPI,bls_schedule_2012_home,833f2e4fa96f44d43d6d946c268df3ce3e449db297b2dede7622217556774c9a,08:30,false,true,false
2012-10-05,NFP,bls_schedule_2012_home,833f2e4fa96f44d43d6d946c268df3ce3e449db297b2dede7622217556774c9a,08:30,false,false,true
2012-10-16,CPI,bls_schedule_2012_home,833f2e4fa96f44d43d6d946c268df3ce3e449db297b2dede7622217556774c9a,08:30,false,true,false
2012-10-23,FOMC,fed_fomchistorical2012,0cd5a0b0c3fb10d9d5d81df457e8ef3803ffe4817985f1b949b6f3e416649a8c,,false,false,false
2012-10-24,FOMC,fed_statement_20121024a,52680e389cb01c19efe0402bb9c070dc9dc00522e43574cc2b49738c3c844ab1,NOT_ATTESTED_IN_OFFICIAL_SOURCE,true,false,false
2012-11-02,NFP,bls_schedule_2012_home,833f2e4fa96f44d43d6d946c268df3ce3e449db297b2dede7622217556774c9a,08:30,false,false,true
2012-11-15,CPI,bls_schedule_2012_home,833f2e4fa96f44d43d6d946c268df3ce3e449db297b2dede7622217556774c9a,08:30,false,true,false
2012-12-07,NFP,bls_schedule_2012_home,833f2e4fa96f44d43d6d946c268df3ce3e449db297b2dede7622217556774c9a,08:30,false,false,true
2012-12-11,FOMC,fed_fomchistorical2012,0cd5a0b0c3fb10d9d5d81df457e8ef3803ffe4817985f1b949b6f3e416649a8c,,false,false,false
2012-12-12,FOMC,fed_statement_20121212a,ff7471f88c3e47d6704b40d3235d27d877a93a5803c0f88dc19625859ad647a6,NOT_ATTESTED_IN_OFFICIAL_SOURCE,true,false,false
2012-12-14,CPI,bls_schedule_2012_home,833f2e4fa96f44d43d6d946c268df3ce3e449db297b2dede7622217556774c9a,08:30,false,true,false
2013-01-04,NFP,bls_schedule_2013_home,d161098b85c2cb39d611b3178ece8220371f1443aebf38d8724d34a967960a44,08:30,false,false,true
2013-01-16,CPI,bls_schedule_2013_home,d161098b85c2cb39d611b3178ece8220371f1443aebf38d8724d34a967960a44,08:30,false,true,false
2013-01-29,FOMC,fed_fomchistorical2013,159f4af531a3c1583859908811eea98e8da8128040573403ba3bd593bec48295,,false,false,false
2013-01-30,FOMC,fed_statement_20130130a,e76b0cfca3cb1e3a096b4acaccf7635cf5061450be963c04fb5658a1192acf8e,NOT_ATTESTED_IN_OFFICIAL_SOURCE,true,false,false
2013-02-01,NFP,bls_schedule_2013_home,d161098b85c2cb39d611b3178ece8220371f1443aebf38d8724d34a967960a44,08:30,false,false,true
2013-02-21,CPI,bls_schedule_2013_home,d161098b85c2cb39d611b3178ece8220371f1443aebf38d8724d34a967960a44,08:30,false,true,false
2013-03-08,NFP,bls_schedule_2013_home,d161098b85c2cb39d611b3178ece8220371f1443aebf38d8724d34a967960a44,08:30,false,false,true
2013-03-15,CPI,bls_schedule_2013_home,d161098b85c2cb39d611b3178ece8220371f1443aebf38d8724d34a967960a44,08:30,false,true,false
2013-03-19,FOMC,fed_fomchistorical2013,159f4af531a3c1583859908811eea98e8da8128040573403ba3bd593bec48295,,false,false,false
2013-03-20,FOMC,fed_statement_20130320a,b798533cb43067df7471db95334f924635f7a14facd81b842f52b0eb7617a21a,NOT_ATTESTED_IN_OFFICIAL_SOURCE,true,false,false
2013-04-05,NFP,bls_schedule_2013_home,d161098b85c2cb39d611b3178ece8220371f1443aebf38d8724d34a967960a44,08:30,false,false,true
2013-04-16,CPI,bls_schedule_2013_home,d161098b85c2cb39d611b3178ece8220371f1443aebf38d8724d34a967960a44,08:30,false,true,false
2013-04-30,FOMC,fed_fomchistorical2013,159f4af531a3c1583859908811eea98e8da8128040573403ba3bd593bec48295,,false,false,false
2013-05-01,FOMC,fed_statement_20130501a,be8f363a19223fd31f1617940f06e63f4e19b73303ba6918f62dfee1a07a62f7,NOT_ATTESTED_IN_OFFICIAL_SOURCE,true,false,false
2013-05-03,NFP,bls_schedule_2013_home,d161098b85c2cb39d611b3178ece8220371f1443aebf38d8724d34a967960a44,08:30,false,false,true
2013-05-16,CPI,bls_schedule_2013_home,d161098b85c2cb39d611b3178ece8220371f1443aebf38d8724d34a967960a44,08:30,false,true,false
2013-06-07,NFP,bls_schedule_2013_home,d161098b85c2cb39d611b3178ece8220371f1443aebf38d8724d34a967960a44,08:30,false,false,true
2013-06-18,CPI,bls_schedule_2013_home,d161098b85c2cb39d611b3178ece8220371f1443aebf38d8724d34a967960a44,08:30,false,true,false
2013-06-18,FOMC,fed_fomchistorical2013,159f4af531a3c1583859908811eea98e8da8128040573403ba3bd593bec48295,,false,false,false
2013-06-19,FOMC,fed_statement_20130619a,d77c49daaf6b679210ef9bbb76fe2ab1c67a6e358fbade543bb9d7aaaae945e7,NOT_ATTESTED_IN_OFFICIAL_SOURCE,true,false,false
2013-07-05,NFP,bls_schedule_2013_home,d161098b85c2cb39d611b3178ece8220371f1443aebf38d8724d34a967960a44,08:30,false,false,true
2013-07-16,CPI,bls_schedule_2013_home,d161098b85c2cb39d611b3178ece8220371f1443aebf38d8724d34a967960a44,08:30,false,true,false
2013-07-30,FOMC,fed_fomchistorical2013,159f4af531a3c1583859908811eea98e8da8128040573403ba3bd593bec48295,,false,false,false
2013-07-31,FOMC,fed_statement_20130731a,f268ef4619db4b24ad746db9762d52882e60e54b20a8b78912063e81c4704d07,NOT_ATTESTED_IN_OFFICIAL_SOURCE,true,false,false
2013-08-02,NFP,bls_schedule_2013_home,d161098b85c2cb39d611b3178ece8220371f1443aebf38d8724d34a967960a44,08:30,false,false,true
2013-08-15,CPI,bls_schedule_2013_home,d161098b85c2cb39d611b3178ece8220371f1443aebf38d8724d34a967960a44,08:30,false,true,false
2013-09-06,NFP,bls_schedule_2013_home,d161098b85c2cb39d611b3178ece8220371f1443aebf38d8724d34a967960a44,08:30,false,false,true
2013-09-17,CPI,bls_schedule_2013_home,d161098b85c2cb39d611b3178ece8220371f1443aebf38d8724d34a967960a44,08:30,false,true,false
2013-09-17,FOMC,fed_fomchistorical2013,159f4af531a3c1583859908811eea98e8da8128040573403ba3bd593bec48295,,false,false,false
2013-09-18,FOMC,fed_statement_20130918a,d6a6059b9b299bc1b7aaa299238d6fe9aadc38b869c3730a3d85493c57a9097a,NOT_ATTESTED_IN_OFFICIAL_SOURCE,true,false,false
2013-10-16,FOMC,fed_fomchistorical2013,159f4af531a3c1583859908811eea98e8da8128040573403ba3bd593bec48295,,false,false,false
2013-10-22,NFP,bls_schedule_2013_home,d161098b85c2cb39d611b3178ece8220371f1443aebf38d8724d34a967960a44,08:30,false,false,true
2013-10-29,FOMC,fed_fomchistorical2013,159f4af531a3c1583859908811eea98e8da8128040573403ba3bd593bec48295,,false,false,false
2013-10-30,CPI,bls_schedule_2013_home,d161098b85c2cb39d611b3178ece8220371f1443aebf38d8724d34a967960a44,08:30,false,true,false
2013-10-30,FOMC,fed_statement_20131030a,4753b841529dd7feb37c91702c60411cfbc4843782705a737f05d1892cffac44,NOT_ATTESTED_IN_OFFICIAL_SOURCE,true,false,false
2013-11-08,NFP,bls_schedule_2013_home,d161098b85c2cb39d611b3178ece8220371f1443aebf38d8724d34a967960a44,08:30,false,false,true
2013-11-20,CPI,bls_schedule_2013_home,d161098b85c2cb39d611b3178ece8220371f1443aebf38d8724d34a967960a44,08:30,false,true,false
2013-12-06,NFP,bls_schedule_2013_home,d161098b85c2cb39d611b3178ece8220371f1443aebf38d8724d34a967960a44,08:30,false,false,true
2013-12-17,CPI,bls_schedule_2013_home,d161098b85c2cb39d611b3178ece8220371f1443aebf38d8724d34a967960a44,08:30,false,true,false
2013-12-17,FOMC,fed_fomchistorical2013,159f4af531a3c1583859908811eea98e8da8128040573403ba3bd593bec48295,,false,false,false
2013-12-18,FOMC,fed_statement_20131218a,68aa3ebf78f5b53aab7d91956062124f56dc78339f2fefa81b39023632b9be7f,NOT_ATTESTED_IN_OFFICIAL_SOURCE,true,false,false
2014-01-10,NFP,bls_schedule_2014_home,fadc4e1bd77b5776ffde8bfb0439621f3928e8bf2d12333ac646139cdc0665b1,08:30,false,false,true
2014-01-16,CPI,bls_schedule_2014_home,fadc4e1bd77b5776ffde8bfb0439621f3928e8bf2d12333ac646139cdc0665b1,08:30,false,true,false
2014-01-28,FOMC,fed_fomchistorical2014,ea128b586dc130603ea3f4a2edf0c2b88e0b3766b0b137ba30fbce7bb366978d,,false,false,false
2014-01-29,FOMC,fed_statement_20140129a,4cf2e66aed6408ded26542817938af111e9d065294da5311032a1e4e703de5de,NOT_ATTESTED_IN_OFFICIAL_SOURCE,true,false,false
2014-02-07,NFP,bls_schedule_2014_home,fadc4e1bd77b5776ffde8bfb0439621f3928e8bf2d12333ac646139cdc0665b1,08:30,false,false,true
2014-02-20,CPI,bls_schedule_2014_home,fadc4e1bd77b5776ffde8bfb0439621f3928e8bf2d12333ac646139cdc0665b1,08:30,false,true,false
2014-03-04,FOMC,fed_fomchistorical2014,ea128b586dc130603ea3f4a2edf0c2b88e0b3766b0b137ba30fbce7bb366978d,,false,false,false
2014-03-07,NFP,bls_schedule_2014_home,fadc4e1bd77b5776ffde8bfb0439621f3928e8bf2d12333ac646139cdc0665b1,08:30,false,false,true
2014-03-18,CPI,bls_schedule_2014_home,fadc4e1bd77b5776ffde8bfb0439621f3928e8bf2d12333ac646139cdc0665b1,08:30,false,true,false
2014-03-18,FOMC,fed_fomchistorical2014,ea128b586dc130603ea3f4a2edf0c2b88e0b3766b0b137ba30fbce7bb366978d,,false,false,false
2014-03-19,FOMC,fed_statement_20140319a,78d024251087d1b5673546d98d56991369c32f6f84c2de07041731ffc5b51e5d,NOT_ATTESTED_IN_OFFICIAL_SOURCE,true,false,false
2014-04-04,NFP,bls_schedule_2014_home,fadc4e1bd77b5776ffde8bfb0439621f3928e8bf2d12333ac646139cdc0665b1,08:30,false,false,true
2014-04-15,CPI,bls_schedule_2014_home,fadc4e1bd77b5776ffde8bfb0439621f3928e8bf2d12333ac646139cdc0665b1,08:30,false,true,false
2014-04-29,FOMC,fed_fomchistorical2014,ea128b586dc130603ea3f4a2edf0c2b88e0b3766b0b137ba30fbce7bb366978d,,false,false,false
2014-04-30,FOMC,fed_statement_20140430a,62098a27c474618c355e701358422d4bb775a1fa148ce6afbb7bd9e35b3aa7f1,NOT_ATTESTED_IN_OFFICIAL_SOURCE,true,false,false
2014-05-02,NFP,bls_schedule_2014_home,fadc4e1bd77b5776ffde8bfb0439621f3928e8bf2d12333ac646139cdc0665b1,08:30,false,false,true
2014-05-15,CPI,bls_schedule_2014_home,fadc4e1bd77b5776ffde8bfb0439621f3928e8bf2d12333ac646139cdc0665b1,08:30,false,true,false
2014-06-06,NFP,bls_schedule_2014_home,fadc4e1bd77b5776ffde8bfb0439621f3928e8bf2d12333ac646139cdc0665b1,08:30,false,false,true
2014-06-17,CPI,bls_schedule_2014_home,fadc4e1bd77b5776ffde8bfb0439621f3928e8bf2d12333ac646139cdc0665b1,08:30,false,true,false
2014-06-17,FOMC,fed_fomchistorical2014,ea128b586dc130603ea3f4a2edf0c2b88e0b3766b0b137ba30fbce7bb366978d,,false,false,false
2014-06-18,FOMC,fed_statement_20140618a,977c4ed36ae47617bc4497b1099f75c9637dce7ef77d32738343a8af8f31343f,NOT_ATTESTED_IN_OFFICIAL_SOURCE,true,false,false
2014-07-03,NFP,bls_schedule_2014_home,fadc4e1bd77b5776ffde8bfb0439621f3928e8bf2d12333ac646139cdc0665b1,08:30,false,false,true
2014-07-22,CPI,bls_schedule_2014_home,fadc4e1bd77b5776ffde8bfb0439621f3928e8bf2d12333ac646139cdc0665b1,08:30,false,true,false
2014-07-29,FOMC,fed_fomchistorical2014,ea128b586dc130603ea3f4a2edf0c2b88e0b3766b0b137ba30fbce7bb366978d,,false,false,false
2014-07-30,FOMC,fed_statement_20140730a,fabc9197508c15327127c1cf4ece5175f119bc45162e5f144823c034ffa3e8a2,NOT_ATTESTED_IN_OFFICIAL_SOURCE,true,false,false
2014-08-01,NFP,bls_schedule_2014_home,fadc4e1bd77b5776ffde8bfb0439621f3928e8bf2d12333ac646139cdc0665b1,08:30,false,false,true
2014-08-19,CPI,bls_schedule_2014_home,fadc4e1bd77b5776ffde8bfb0439621f3928e8bf2d12333ac646139cdc0665b1,08:30,false,true,false
2014-09-05,NFP,bls_schedule_2014_home,fadc4e1bd77b5776ffde8bfb0439621f3928e8bf2d12333ac646139cdc0665b1,08:30,false,false,true
2014-09-16,FOMC,fed_fomchistorical2014,ea128b586dc130603ea3f4a2edf0c2b88e0b3766b0b137ba30fbce7bb366978d,,false,false,false
2014-09-17,CPI,bls_schedule_2014_home,fadc4e1bd77b5776ffde8bfb0439621f3928e8bf2d12333ac646139cdc0665b1,08:30,false,true,false
2014-09-17,FOMC,fed_statement_20140917a,ee9a3aa3afd5b81b443e6432ee8ab731f3e31386a3929b0814012fd090e7d65e,NOT_ATTESTED_IN_OFFICIAL_SOURCE,true,false,false
2014-10-03,NFP,bls_schedule_2014_home,fadc4e1bd77b5776ffde8bfb0439621f3928e8bf2d12333ac646139cdc0665b1,08:30,false,false,true
2014-10-22,CPI,bls_schedule_2014_home,fadc4e1bd77b5776ffde8bfb0439621f3928e8bf2d12333ac646139cdc0665b1,08:30,false,true,false
2014-10-28,FOMC,fed_fomchistorical2014,ea128b586dc130603ea3f4a2edf0c2b88e0b3766b0b137ba30fbce7bb366978d,,false,false,false
2014-10-29,FOMC,fed_statement_20141029a,705132e5724bc4a31006a7fe76b69ab54cf16367bcd526a0910a914cc72f004c,NOT_ATTESTED_IN_OFFICIAL_SOURCE,true,false,false
2014-11-07,NFP,bls_schedule_2014_home,fadc4e1bd77b5776ffde8bfb0439621f3928e8bf2d12333ac646139cdc0665b1,08:30,false,false,true
2014-11-20,CPI,bls_schedule_2014_home,fadc4e1bd77b5776ffde8bfb0439621f3928e8bf2d12333ac646139cdc0665b1,08:30,false,true,false
2014-12-05,NFP,bls_schedule_2014_home,fadc4e1bd77b5776ffde8bfb0439621f3928e8bf2d12333ac646139cdc0665b1,08:30,false,false,true
2014-12-16,FOMC,fed_fomchistorical2014,ea128b586dc130603ea3f4a2edf0c2b88e0b3766b0b137ba30fbce7bb366978d,,false,false,false
2014-12-17,CPI,bls_schedule_2014_home,fadc4e1bd77b5776ffde8bfb0439621f3928e8bf2d12333ac646139cdc0665b1,08:30,false,true,false
2014-12-17,FOMC,fed_statement_20141217a,9aea0850d18094006c115211ea3ec3f5e8166de307549217cb5ad82a506ca8c0,NOT_ATTESTED_IN_OFFICIAL_SOURCE,true,false,false
2015-01-09,NFP,bls_schedule_2015_home,49d76a674845c8d8c53ee7256fb633d50489befb8db0c588ad35c4eea18636f4,08:30,false,false,true
2015-01-16,CPI,bls_schedule_2015_home,49d76a674845c8d8c53ee7256fb633d50489befb8db0c588ad35c4eea18636f4,08:30,false,true,false
2015-01-27,FOMC,fed_fomchistorical2015,6abdeaad2e30203bf17e3aff5d4a7a1b24f91f22c24589d7ae06941ed1aedce5,,false,false,false
2015-01-28,FOMC,fed_statement_20150128a,8dc2983d5bef39216728c2431a1fc522ef935d2bef8f7f8cf3cd25d58ca42b6f,NOT_ATTESTED_IN_OFFICIAL_SOURCE,true,false,false
2015-02-06,NFP,bls_schedule_2015_home,49d76a674845c8d8c53ee7256fb633d50489befb8db0c588ad35c4eea18636f4,08:30,false,false,true
2015-02-26,CPI,bls_schedule_2015_home,49d76a674845c8d8c53ee7256fb633d50489befb8db0c588ad35c4eea18636f4,08:30,false,true,false
2015-03-06,NFP,bls_schedule_2015_home,49d76a674845c8d8c53ee7256fb633d50489befb8db0c588ad35c4eea18636f4,08:30,false,false,true
2015-03-17,FOMC,fed_fomchistorical2015,6abdeaad2e30203bf17e3aff5d4a7a1b24f91f22c24589d7ae06941ed1aedce5,,false,false,false
2015-03-18,FOMC,fed_statement_20150318a,5ba18dd6c52195df8004d8067eed6db3cea1bc31fa44bac73c1996a22c1bfe83,NOT_ATTESTED_IN_OFFICIAL_SOURCE,true,false,false
2015-03-24,CPI,bls_schedule_2015_home,49d76a674845c8d8c53ee7256fb633d50489befb8db0c588ad35c4eea18636f4,08:30,false,true,false
2015-04-03,NFP,bls_schedule_2015_home,49d76a674845c8d8c53ee7256fb633d50489befb8db0c588ad35c4eea18636f4,08:30,false,false,true
2015-04-17,CPI,bls_schedule_2015_home,49d76a674845c8d8c53ee7256fb633d50489befb8db0c588ad35c4eea18636f4,08:30,false,true,false
2015-04-28,FOMC,fed_fomchistorical2015,6abdeaad2e30203bf17e3aff5d4a7a1b24f91f22c24589d7ae06941ed1aedce5,,false,false,false
2015-04-29,FOMC,fed_statement_20150429a,4da6bcf6f2fabcece171e3928d09096d1e0edda3a16fdc7aa5036a379602de30,NOT_ATTESTED_IN_OFFICIAL_SOURCE,true,false,false
2015-05-08,NFP,bls_schedule_2015_home,49d76a674845c8d8c53ee7256fb633d50489befb8db0c588ad35c4eea18636f4,08:30,false,false,true
2015-05-22,CPI,bls_schedule_2015_home,49d76a674845c8d8c53ee7256fb633d50489befb8db0c588ad35c4eea18636f4,08:30,false,true,false
2015-06-05,NFP,bls_schedule_2015_home,49d76a674845c8d8c53ee7256fb633d50489befb8db0c588ad35c4eea18636f4,08:30,false,false,true
2015-06-16,FOMC,fed_fomchistorical2015,6abdeaad2e30203bf17e3aff5d4a7a1b24f91f22c24589d7ae06941ed1aedce5,,false,false,false
2015-06-17,FOMC,fed_statement_20150617a,4cee8a2db866378ed6a4100b4acc4a588af20682f24c4021b9a69869656f9423,NOT_ATTESTED_IN_OFFICIAL_SOURCE,true,false,false
2015-06-18,CPI,bls_schedule_2015_home,49d76a674845c8d8c53ee7256fb633d50489befb8db0c588ad35c4eea18636f4,08:30,false,true,false
2015-07-02,NFP,bls_schedule_2015_home,49d76a674845c8d8c53ee7256fb633d50489befb8db0c588ad35c4eea18636f4,08:30,false,false,true
2015-07-17,CPI,bls_schedule_2015_home,49d76a674845c8d8c53ee7256fb633d50489befb8db0c588ad35c4eea18636f4,08:30,false,true,false
2015-07-28,FOMC,fed_fomchistorical2015,6abdeaad2e30203bf17e3aff5d4a7a1b24f91f22c24589d7ae06941ed1aedce5,,false,false,false
2015-07-29,FOMC,fed_statement_20150729a,0f224fa63cfdc61da44a2934173518ec83f2d0e8dd42b8813865813c182a30ba,NOT_ATTESTED_IN_OFFICIAL_SOURCE,true,false,false
2015-08-07,NFP,bls_schedule_2015_home,49d76a674845c8d8c53ee7256fb633d50489befb8db0c588ad35c4eea18636f4,08:30,false,false,true
2015-08-19,CPI,bls_schedule_2015_home,49d76a674845c8d8c53ee7256fb633d50489befb8db0c588ad35c4eea18636f4,08:30,false,true,false
2015-09-04,NFP,bls_schedule_2015_home,49d76a674845c8d8c53ee7256fb633d50489befb8db0c588ad35c4eea18636f4,08:30,false,false,true
2015-09-16,CPI,bls_schedule_2015_home,49d76a674845c8d8c53ee7256fb633d50489befb8db0c588ad35c4eea18636f4,08:30,false,true,false
2015-09-16,FOMC,fed_fomchistorical2015,6abdeaad2e30203bf17e3aff5d4a7a1b24f91f22c24589d7ae06941ed1aedce5,,false,false,false
2015-09-17,FOMC,fed_statement_20150917a,7d0271b94aebc970e73ab0fa495893e1bac58435f0c4a0f1d184d3e52a56a2d0,NOT_ATTESTED_IN_OFFICIAL_SOURCE,true,false,false
2015-10-02,NFP,bls_schedule_2015_home,49d76a674845c8d8c53ee7256fb633d50489befb8db0c588ad35c4eea18636f4,08:30,false,false,true
2015-10-15,CPI,bls_schedule_2015_home,49d76a674845c8d8c53ee7256fb633d50489befb8db0c588ad35c4eea18636f4,08:30,false,true,false
2015-10-27,FOMC,fed_fomchistorical2015,6abdeaad2e30203bf17e3aff5d4a7a1b24f91f22c24589d7ae06941ed1aedce5,,false,false,false
2015-10-28,FOMC,fed_statement_20151028a,65cc3f5a4b8c4ede0602ea67cb86e7f79ec5df303746807444c8dfc5646e8518,NOT_ATTESTED_IN_OFFICIAL_SOURCE,true,false,false
2015-11-06,NFP,bls_schedule_2015_home,49d76a674845c8d8c53ee7256fb633d50489befb8db0c588ad35c4eea18636f4,08:30,false,false,true
2015-11-17,CPI,bls_schedule_2015_home,49d76a674845c8d8c53ee7256fb633d50489befb8db0c588ad35c4eea18636f4,08:30,false,true,false
2015-12-04,NFP,bls_schedule_2015_home,49d76a674845c8d8c53ee7256fb633d50489befb8db0c588ad35c4eea18636f4,08:30,false,false,true
2015-12-15,CPI,bls_schedule_2015_home,49d76a674845c8d8c53ee7256fb633d50489befb8db0c588ad35c4eea18636f4,08:30,false,true,false
2015-12-15,FOMC,fed_fomchistorical2015,6abdeaad2e30203bf17e3aff5d4a7a1b24f91f22c24589d7ae06941ed1aedce5,,false,false,false
2015-12-16,FOMC,fed_statement_20151216a,102a7ae9703fbab3231665a98a09d4091e471e470f110f5c52c52ec8365c669a,NOT_ATTESTED_IN_OFFICIAL_SOURCE,true,false,false
2016-01-08,NFP,bls_schedule_2016_home,528b11ae512d19ac45dd17be7308b8f03f2158220f97eecb6f918af908b98fa9,08:30,false,false,true
2016-01-20,CPI,bls_schedule_2016_home,528b11ae512d19ac45dd17be7308b8f03f2158220f97eecb6f918af908b98fa9,08:30,false,true,false
2016-01-26,FOMC,fed_fomchistorical2016,2b530c178d143dd743a9d60ff3fad4ef113ac67e401f84402ce2f43c4a67fd94,,false,false,false
2016-01-27,FOMC,fed_statement_20160127a,c29ba2a07cf4c5e7213bdbbf1bb83f1d15cde97bd79aba2c7a27620d9ba32707,14:00,true,false,false
2016-02-05,NFP,bls_schedule_2016_home,528b11ae512d19ac45dd17be7308b8f03f2158220f97eecb6f918af908b98fa9,08:30,false,false,true
2016-02-19,CPI,bls_schedule_2016_home,528b11ae512d19ac45dd17be7308b8f03f2158220f97eecb6f918af908b98fa9,08:30,false,true,false
2016-03-04,NFP,bls_schedule_2016_home,528b11ae512d19ac45dd17be7308b8f03f2158220f97eecb6f918af908b98fa9,08:30,false,false,true
2016-03-15,FOMC,fed_fomchistorical2016,2b530c178d143dd743a9d60ff3fad4ef113ac67e401f84402ce2f43c4a67fd94,,false,false,false
2016-03-16,CPI,bls_schedule_2016_home,528b11ae512d19ac45dd17be7308b8f03f2158220f97eecb6f918af908b98fa9,08:30,false,true,false
2016-03-16,FOMC,fed_statement_20160316a,04636b56982afc7fb19bbf362cdcbcaa87410d175b47a28b1d0479cd473c89c9,14:00,true,false,false
2016-04-01,NFP,bls_schedule_2016_home,528b11ae512d19ac45dd17be7308b8f03f2158220f97eecb6f918af908b98fa9,08:30,false,false,true
2016-04-14,CPI,bls_schedule_2016_home,528b11ae512d19ac45dd17be7308b8f03f2158220f97eecb6f918af908b98fa9,08:30,false,true,false
2016-04-26,FOMC,fed_fomchistorical2016,2b530c178d143dd743a9d60ff3fad4ef113ac67e401f84402ce2f43c4a67fd94,,false,false,false
2016-04-27,FOMC,fed_statement_20160427a,af37af1363ec85dc1d88d48d7f0aa2e401b3c27b356d2b9372e53f30dde148d3,14:00,true,false,false
2016-05-06,NFP,bls_schedule_2016_home,528b11ae512d19ac45dd17be7308b8f03f2158220f97eecb6f918af908b98fa9,08:30,false,false,true
2016-05-17,CPI,bls_schedule_2016_home,528b11ae512d19ac45dd17be7308b8f03f2158220f97eecb6f918af908b98fa9,08:30,false,true,false
2016-06-03,NFP,bls_schedule_2016_home,528b11ae512d19ac45dd17be7308b8f03f2158220f97eecb6f918af908b98fa9,08:30,false,false,true
2016-06-14,FOMC,fed_fomchistorical2016,2b530c178d143dd743a9d60ff3fad4ef113ac67e401f84402ce2f43c4a67fd94,,false,false,false
2016-06-15,FOMC,fed_statement_20160615a,c13be6ead211981a19c32f41ebf4b6d2089246358e042abdf23d4ba6d9551773,14:00,true,false,false
2016-06-16,CPI,bls_schedule_2016_home,528b11ae512d19ac45dd17be7308b8f03f2158220f97eecb6f918af908b98fa9,08:30,false,true,false
2016-07-08,NFP,bls_schedule_2016_home,528b11ae512d19ac45dd17be7308b8f03f2158220f97eecb6f918af908b98fa9,08:30,false,false,true
2016-07-15,CPI,bls_schedule_2016_home,528b11ae512d19ac45dd17be7308b8f03f2158220f97eecb6f918af908b98fa9,08:30,false,true,false
2016-07-26,FOMC,fed_fomchistorical2016,2b530c178d143dd743a9d60ff3fad4ef113ac67e401f84402ce2f43c4a67fd94,,false,false,false
2016-07-27,FOMC,fed_statement_20160727a,43ee87b4f474b912668f7bedf4942efdea7dc6fb397b23c3065ae19ebac5ab65,14:00,true,false,false
2016-08-05,NFP,bls_schedule_2016_home,528b11ae512d19ac45dd17be7308b8f03f2158220f97eecb6f918af908b98fa9,08:30,false,false,true
2016-08-16,CPI,bls_schedule_2016_home,528b11ae512d19ac45dd17be7308b8f03f2158220f97eecb6f918af908b98fa9,08:30,false,true,false
2016-09-02,NFP,bls_schedule_2016_home,528b11ae512d19ac45dd17be7308b8f03f2158220f97eecb6f918af908b98fa9,08:30,false,false,true
2016-09-16,CPI,bls_schedule_2016_home,528b11ae512d19ac45dd17be7308b8f03f2158220f97eecb6f918af908b98fa9,08:30,false,true,false
2016-09-20,FOMC,fed_fomchistorical2016,2b530c178d143dd743a9d60ff3fad4ef113ac67e401f84402ce2f43c4a67fd94,,false,false,false
2016-09-21,FOMC,fed_statement_20160921a,3aab036f7e1585dc421152c517666d2a709898597fc63dee75fd78ae771e53b4,14:00,true,false,false
2016-10-07,NFP,bls_schedule_2016_home,528b11ae512d19ac45dd17be7308b8f03f2158220f97eecb6f918af908b98fa9,08:30,false,false,true
2016-10-18,CPI,bls_schedule_2016_home,528b11ae512d19ac45dd17be7308b8f03f2158220f97eecb6f918af908b98fa9,08:30,false,true,false
2016-11-01,FOMC,fed_fomchistorical2016,2b530c178d143dd743a9d60ff3fad4ef113ac67e401f84402ce2f43c4a67fd94,,false,false,false
2016-11-02,FOMC,fed_statement_20161102a,03e5fa223b043bbe80adba23742e42ff866d49a09671d4656bef899f0391074c,14:00,true,false,false
2016-11-04,NFP,bls_schedule_2016_home,528b11ae512d19ac45dd17be7308b8f03f2158220f97eecb6f918af908b98fa9,08:30,false,false,true
2016-11-17,CPI,bls_schedule_2016_home,528b11ae512d19ac45dd17be7308b8f03f2158220f97eecb6f918af908b98fa9,08:30,false,true,false
2016-12-02,NFP,bls_schedule_2016_home,528b11ae512d19ac45dd17be7308b8f03f2158220f97eecb6f918af908b98fa9,08:30,false,false,true
2016-12-13,FOMC,fed_fomchistorical2016,2b530c178d143dd743a9d60ff3fad4ef113ac67e401f84402ce2f43c4a67fd94,,false,false,false
2016-12-14,FOMC,fed_statement_20161214a,3859d82ea3fac0a80e50033dbce2823144204d0c65f1646f07fb1ae65bb40fed,14:00,true,false,false
2016-12-15,CPI,bls_schedule_2016_home,528b11ae512d19ac45dd17be7308b8f03f2158220f97eecb6f918af908b98fa9,08:30,false,true,false
2017-01-06,NFP,bls_schedule_2017_home,8bf4fd6580ab000f0600478ab8a1519fad673d3d9c9ac6347aa9fbb31037fd82,08:30,false,false,true
2017-01-18,CPI,bls_schedule_2017_home,8bf4fd6580ab000f0600478ab8a1519fad673d3d9c9ac6347aa9fbb31037fd82,08:30,false,true,false
2017-01-31,FOMC,fed_fomchistorical2017,5727064f5cdc3c00b34a6dd557578e8536c0cd4704b0fc428c0a046337f5dfed,,false,false,false
2017-02-01,FOMC,fed_statement_20170201a,7b537db73fca90de962d1415b056a789d4ed0eef9e8f6dce79b08af649a73a1f,14:00,true,false,false
2017-02-03,NFP,bls_schedule_2017_home,8bf4fd6580ab000f0600478ab8a1519fad673d3d9c9ac6347aa9fbb31037fd82,08:30,false,false,true
2017-02-15,CPI,bls_schedule_2017_home,8bf4fd6580ab000f0600478ab8a1519fad673d3d9c9ac6347aa9fbb31037fd82,08:30,false,true,false
2017-03-10,NFP,bls_schedule_2017_home,8bf4fd6580ab000f0600478ab8a1519fad673d3d9c9ac6347aa9fbb31037fd82,08:30,false,false,true
2017-03-14,FOMC,fed_fomchistorical2017,5727064f5cdc3c00b34a6dd557578e8536c0cd4704b0fc428c0a046337f5dfed,,false,false,false
2017-03-15,CPI,bls_schedule_2017_home,8bf4fd6580ab000f0600478ab8a1519fad673d3d9c9ac6347aa9fbb31037fd82,08:30,false,true,false
2017-03-15,FOMC,fed_statement_20170315a,3831a0216f24ebf432d4fdf5a2031c7f5f7b21571fa8a0d366ddf80a98306e88,14:00,true,false,false
2017-04-07,NFP,bls_schedule_2017_home,8bf4fd6580ab000f0600478ab8a1519fad673d3d9c9ac6347aa9fbb31037fd82,08:30,false,false,true
2017-04-14,CPI,bls_schedule_2017_home,8bf4fd6580ab000f0600478ab8a1519fad673d3d9c9ac6347aa9fbb31037fd82,08:30,false,true,false
2017-05-02,FOMC,fed_fomchistorical2017,5727064f5cdc3c00b34a6dd557578e8536c0cd4704b0fc428c0a046337f5dfed,,false,false,false
2017-05-03,FOMC,fed_statement_20170503a,a238c4939137aae15c435339cd17a4136ce1765d7da4e63ac26317fbf0a0cba0,14:00,true,false,false
2017-05-05,NFP,bls_schedule_2017_home,8bf4fd6580ab000f0600478ab8a1519fad673d3d9c9ac6347aa9fbb31037fd82,08:30,false,false,true
2017-05-12,CPI,bls_schedule_2017_home,8bf4fd6580ab000f0600478ab8a1519fad673d3d9c9ac6347aa9fbb31037fd82,08:30,false,true,false
2017-06-02,NFP,bls_schedule_2017_home,8bf4fd6580ab000f0600478ab8a1519fad673d3d9c9ac6347aa9fbb31037fd82,08:30,false,false,true
2017-06-13,FOMC,fed_fomchistorical2017,5727064f5cdc3c00b34a6dd557578e8536c0cd4704b0fc428c0a046337f5dfed,,false,false,false
2017-06-14,CPI,bls_schedule_2017_home,8bf4fd6580ab000f0600478ab8a1519fad673d3d9c9ac6347aa9fbb31037fd82,08:30,false,true,false
2017-06-14,FOMC,fed_statement_20170614a,98a0114fb32ab9e31d07dc1f5ffb4c456c56f906c87f892659e7f426a5078c94,14:00,true,false,false
2017-07-07,NFP,bls_schedule_2017_home,8bf4fd6580ab000f0600478ab8a1519fad673d3d9c9ac6347aa9fbb31037fd82,08:30,false,false,true
2017-07-14,CPI,bls_schedule_2017_home,8bf4fd6580ab000f0600478ab8a1519fad673d3d9c9ac6347aa9fbb31037fd82,08:30,false,true,false
2017-07-25,FOMC,fed_fomchistorical2017,5727064f5cdc3c00b34a6dd557578e8536c0cd4704b0fc428c0a046337f5dfed,,false,false,false
2017-07-26,FOMC,fed_statement_20170726a,1662196e866e4b330e87a1a1766f2ae509fde02a474545af3928816fe1545efe,14:00,true,false,false
2017-08-04,NFP,bls_schedule_2017_home,8bf4fd6580ab000f0600478ab8a1519fad673d3d9c9ac6347aa9fbb31037fd82,08:30,false,false,true
2017-08-11,CPI,bls_schedule_2017_home,8bf4fd6580ab000f0600478ab8a1519fad673d3d9c9ac6347aa9fbb31037fd82,08:30,false,true,false
2017-09-01,NFP,bls_schedule_2017_home,8bf4fd6580ab000f0600478ab8a1519fad673d3d9c9ac6347aa9fbb31037fd82,08:30,false,false,true
2017-09-14,CPI,bls_schedule_2017_home,8bf4fd6580ab000f0600478ab8a1519fad673d3d9c9ac6347aa9fbb31037fd82,08:30,false,true,false
2017-09-19,FOMC,fed_fomchistorical2017,5727064f5cdc3c00b34a6dd557578e8536c0cd4704b0fc428c0a046337f5dfed,,false,false,false
2017-09-20,FOMC,fed_statement_20170920a,09603388e305046b5590bb6bf850728e4d419067d1f97d96cb765750257a856c,14:00,true,false,false
2017-10-06,NFP,bls_schedule_2017_home,8bf4fd6580ab000f0600478ab8a1519fad673d3d9c9ac6347aa9fbb31037fd82,08:30,false,false,true
2017-10-13,CPI,bls_schedule_2017_home,8bf4fd6580ab000f0600478ab8a1519fad673d3d9c9ac6347aa9fbb31037fd82,08:30,false,true,false
2017-10-31,FOMC,fed_fomchistorical2017,5727064f5cdc3c00b34a6dd557578e8536c0cd4704b0fc428c0a046337f5dfed,,false,false,false
2017-11-01,FOMC,fed_statement_20171101a,3a7471982c7a4681beb17f1e8a8bc89222ee600643113794d4c53875a8ffa507,14:00,true,false,false
2017-11-03,NFP,bls_schedule_2017_home,8bf4fd6580ab000f0600478ab8a1519fad673d3d9c9ac6347aa9fbb31037fd82,08:30,false,false,true
2017-11-15,CPI,bls_schedule_2017_home,8bf4fd6580ab000f0600478ab8a1519fad673d3d9c9ac6347aa9fbb31037fd82,08:30,false,true,false
2017-12-08,NFP,bls_schedule_2017_home,8bf4fd6580ab000f0600478ab8a1519fad673d3d9c9ac6347aa9fbb31037fd82,08:30,false,false,true
2017-12-12,FOMC,fed_fomchistorical2017,5727064f5cdc3c00b34a6dd557578e8536c0cd4704b0fc428c0a046337f5dfed,,false,false,false
2017-12-13,CPI,bls_schedule_2017_home,8bf4fd6580ab000f0600478ab8a1519fad673d3d9c9ac6347aa9fbb31037fd82,08:30,false,true,false
2017-12-13,FOMC,fed_statement_20171213a,beb40bad4f6540b86ea87c157eed77a7c89df169a3d8a122c9fc7560283fdfd7,14:00,true,false,false
2018-01-05,NFP,bls_schedule_2018_home,9d807f198289be7655a45cc5725783a41c8e58446b8c484a9b862eac5c8f1ddb,08:30,false,false,true
2018-01-12,CPI,bls_schedule_2018_home,9d807f198289be7655a45cc5725783a41c8e58446b8c484a9b862eac5c8f1ddb,08:30,false,true,false
2018-01-30,FOMC,fed_fomchistorical2018,bf7e5388664898ba19f3c7be94126e0741b205a7ca485ae36cb0810189658a16,,false,false,false
2018-01-31,FOMC,fed_statement_20180131a,bd4910df2783e34a75ba771cc69dd99940b9c98c1fb52554cd9a456d9411d405,14:00,true,false,false
2018-02-02,NFP,bls_schedule_2018_home,9d807f198289be7655a45cc5725783a41c8e58446b8c484a9b862eac5c8f1ddb,08:30,false,false,true
2018-02-14,CPI,bls_schedule_2018_home,9d807f198289be7655a45cc5725783a41c8e58446b8c484a9b862eac5c8f1ddb,08:30,false,true,false
2018-03-09,NFP,bls_schedule_2018_home,9d807f198289be7655a45cc5725783a41c8e58446b8c484a9b862eac5c8f1ddb,08:30,false,false,true
2018-03-13,CPI,bls_schedule_2018_home,9d807f198289be7655a45cc5725783a41c8e58446b8c484a9b862eac5c8f1ddb,08:30,false,true,false
2018-03-20,FOMC,fed_fomchistorical2018,bf7e5388664898ba19f3c7be94126e0741b205a7ca485ae36cb0810189658a16,,false,false,false
2018-03-21,FOMC,fed_statement_20180321a,dd542049d7521a97d39f1c215256b497798b546038e56439d91ac18be94c9ffc,14:00,true,false,false
2018-04-06,NFP,bls_schedule_2018_home,9d807f198289be7655a45cc5725783a41c8e58446b8c484a9b862eac5c8f1ddb,08:30,false,false,true
2018-04-11,CPI,bls_schedule_2018_home,9d807f198289be7655a45cc5725783a41c8e58446b8c484a9b862eac5c8f1ddb,08:30,false,true,false
2018-05-01,FOMC,fed_fomchistorical2018,bf7e5388664898ba19f3c7be94126e0741b205a7ca485ae36cb0810189658a16,,false,false,false
2018-05-02,FOMC,fed_statement_20180502a,1ed0c93654b01ccb40c3f57ef808528715c30f6c633db4a561762283c2580364,14:00,true,false,false
2018-05-04,NFP,bls_schedule_2018_home,9d807f198289be7655a45cc5725783a41c8e58446b8c484a9b862eac5c8f1ddb,08:30,false,false,true
2018-05-10,CPI,bls_schedule_2018_home,9d807f198289be7655a45cc5725783a41c8e58446b8c484a9b862eac5c8f1ddb,08:30,false,true,false
2018-06-01,NFP,bls_schedule_2018_home,9d807f198289be7655a45cc5725783a41c8e58446b8c484a9b862eac5c8f1ddb,08:30,false,false,true
2018-06-12,CPI,bls_schedule_2018_home,9d807f198289be7655a45cc5725783a41c8e58446b8c484a9b862eac5c8f1ddb,08:30,false,true,false
2018-06-12,FOMC,fed_fomchistorical2018,bf7e5388664898ba19f3c7be94126e0741b205a7ca485ae36cb0810189658a16,,false,false,false
2018-06-13,FOMC,fed_statement_20180613a,654b3d832aa3116f13b6a4f6eb1c36d5ac926f060d52a34aead77a435bfdf619,14:00,true,false,false
2018-07-06,NFP,bls_schedule_2018_home,9d807f198289be7655a45cc5725783a41c8e58446b8c484a9b862eac5c8f1ddb,08:30,false,false,true
2018-07-12,CPI,bls_schedule_2018_home,9d807f198289be7655a45cc5725783a41c8e58446b8c484a9b862eac5c8f1ddb,08:30,false,true,false
2018-07-31,FOMC,fed_fomchistorical2018,bf7e5388664898ba19f3c7be94126e0741b205a7ca485ae36cb0810189658a16,,false,false,false
2018-08-01,FOMC,fed_statement_20180801a,47d3995822c0e117ef8376b898de358a97c34b5359560a50cb2a8aebb9e2ad97,14:00,true,false,false
2018-08-03,NFP,bls_schedule_2018_home,9d807f198289be7655a45cc5725783a41c8e58446b8c484a9b862eac5c8f1ddb,08:30,false,false,true
2018-08-10,CPI,bls_schedule_2018_home,9d807f198289be7655a45cc5725783a41c8e58446b8c484a9b862eac5c8f1ddb,08:30,false,true,false
2018-09-07,NFP,bls_schedule_2018_home,9d807f198289be7655a45cc5725783a41c8e58446b8c484a9b862eac5c8f1ddb,08:30,false,false,true
2018-09-13,CPI,bls_schedule_2018_home,9d807f198289be7655a45cc5725783a41c8e58446b8c484a9b862eac5c8f1ddb,08:30,false,true,false
2018-09-25,FOMC,fed_fomchistorical2018,bf7e5388664898ba19f3c7be94126e0741b205a7ca485ae36cb0810189658a16,,false,false,false
2018-09-26,FOMC,fed_statement_20180926a,a7b41726cfe4b14475664bc3a9d384b11fadbb2cb69b3711e2e768d17abb804c,14:00,true,false,false
2018-10-05,NFP,bls_schedule_2018_home,9d807f198289be7655a45cc5725783a41c8e58446b8c484a9b862eac5c8f1ddb,08:30,false,false,true
2018-10-11,CPI,bls_schedule_2018_home,9d807f198289be7655a45cc5725783a41c8e58446b8c484a9b862eac5c8f1ddb,08:30,false,true,false
2018-11-02,NFP,bls_schedule_2018_home,9d807f198289be7655a45cc5725783a41c8e58446b8c484a9b862eac5c8f1ddb,08:30,false,false,true
2018-11-07,FOMC,fed_fomchistorical2018,bf7e5388664898ba19f3c7be94126e0741b205a7ca485ae36cb0810189658a16,,false,false,false
2018-11-08,FOMC,fed_statement_20181108a,b21662dc2d7bbadee44b914872ec48b25777cef08ab4c3b7992a8d5b1178a308,14:00,true,false,false
2018-11-14,CPI,bls_schedule_2018_home,9d807f198289be7655a45cc5725783a41c8e58446b8c484a9b862eac5c8f1ddb,08:30,false,true,false
2018-12-07,NFP,bls_schedule_2018_home,9d807f198289be7655a45cc5725783a41c8e58446b8c484a9b862eac5c8f1ddb,08:30,false,false,true
2018-12-12,CPI,bls_schedule_2018_home,9d807f198289be7655a45cc5725783a41c8e58446b8c484a9b862eac5c8f1ddb,08:30,false,true,false
2018-12-18,FOMC,fed_fomchistorical2018,bf7e5388664898ba19f3c7be94126e0741b205a7ca485ae36cb0810189658a16,,false,false,false
2018-12-19,FOMC,fed_statement_20181219a,8fda2f4bf59b236fa9709fda1ebdc06bdf6bb3819d846b7059445752b8025519,14:00,true,false,false
2019-01-04,NFP,bls_schedule_2019_home,8a2ffae139a8a593d70b26c980c8ffe48047e9105d94319bead2a25378a3d365,08:30,false,false,true
2019-01-11,CPI,bls_schedule_2019_home,8a2ffae139a8a593d70b26c980c8ffe48047e9105d94319bead2a25378a3d365,08:30,false,true,false
2019-01-29,FOMC,fed_fomchistorical2019,01d922d94d021b6dfe7c9ceb403fbc434cdd88b734dbd104476f90b066c8b08b,,false,false,false
2019-01-30,FOMC,fed_statement_20190130a,fba666ec30ae6482cb2be1f40fbe4de2c2b5b75410a0fc0d4962ca5ffb3f099a,14:00,true,false,false
2019-02-01,NFP,bls_schedule_2019_home,8a2ffae139a8a593d70b26c980c8ffe48047e9105d94319bead2a25378a3d365,08:30,false,false,true
2019-02-13,CPI,bls_schedule_2019_home,8a2ffae139a8a593d70b26c980c8ffe48047e9105d94319bead2a25378a3d365,08:30,false,true,false
2019-03-08,NFP,bls_schedule_2019_home,8a2ffae139a8a593d70b26c980c8ffe48047e9105d94319bead2a25378a3d365,08:30,false,false,true
2019-03-12,CPI,bls_schedule_2019_home,8a2ffae139a8a593d70b26c980c8ffe48047e9105d94319bead2a25378a3d365,08:30,false,true,false
2019-03-19,FOMC,fed_fomchistorical2019,01d922d94d021b6dfe7c9ceb403fbc434cdd88b734dbd104476f90b066c8b08b,,false,false,false
2019-03-20,FOMC,fed_statement_20190320a,ff9a15b6defcb1dd49c45ffb9211b601c1bd1db74f2fe33cde675b82541a7329,14:00,true,false,false
2019-04-05,NFP,bls_schedule_2019_home,8a2ffae139a8a593d70b26c980c8ffe48047e9105d94319bead2a25378a3d365,08:30,false,false,true
2019-04-10,CPI,bls_schedule_2019_home,8a2ffae139a8a593d70b26c980c8ffe48047e9105d94319bead2a25378a3d365,08:30,false,true,false
2019-04-30,FOMC,fed_fomchistorical2019,01d922d94d021b6dfe7c9ceb403fbc434cdd88b734dbd104476f90b066c8b08b,,false,false,false
2019-05-01,FOMC,fed_statement_20190501a,cf11a7bf38fe115f27744b74286ca25117dc0a94b30c7c2545aa5722d7281117,14:00,true,false,false
2019-05-03,NFP,bls_schedule_2019_home,8a2ffae139a8a593d70b26c980c8ffe48047e9105d94319bead2a25378a3d365,08:30,false,false,true
2019-05-10,CPI,bls_schedule_2019_home,8a2ffae139a8a593d70b26c980c8ffe48047e9105d94319bead2a25378a3d365,08:30,false,true,false
2019-06-07,NFP,bls_schedule_2019_home,8a2ffae139a8a593d70b26c980c8ffe48047e9105d94319bead2a25378a3d365,08:30,false,false,true
2019-06-12,CPI,bls_schedule_2019_home,8a2ffae139a8a593d70b26c980c8ffe48047e9105d94319bead2a25378a3d365,08:30,false,true,false
2019-06-18,FOMC,fed_fomchistorical2019,01d922d94d021b6dfe7c9ceb403fbc434cdd88b734dbd104476f90b066c8b08b,,false,false,false
2019-06-19,FOMC,fed_statement_20190619a,e0dcb4776867ac79db4e3dac29d28439d2be63b1e2d24f87e3e158a3bea838db,14:00,true,false,false
2019-07-05,NFP,bls_schedule_2019_home,8a2ffae139a8a593d70b26c980c8ffe48047e9105d94319bead2a25378a3d365,08:30,false,false,true
2019-07-11,CPI,bls_schedule_2019_home,8a2ffae139a8a593d70b26c980c8ffe48047e9105d94319bead2a25378a3d365,08:30,false,true,false
2019-07-30,FOMC,fed_fomchistorical2019,01d922d94d021b6dfe7c9ceb403fbc434cdd88b734dbd104476f90b066c8b08b,,false,false,false
2019-07-31,FOMC,fed_statement_20190731a,e731f36cf183ba454e7f62e447ab2fb7fb8b53ea3e6d23b28a60756f962e2871,14:00,true,false,false
2019-08-02,NFP,bls_schedule_2019_home,8a2ffae139a8a593d70b26c980c8ffe48047e9105d94319bead2a25378a3d365,08:30,false,false,true
2019-08-13,CPI,bls_schedule_2019_home,8a2ffae139a8a593d70b26c980c8ffe48047e9105d94319bead2a25378a3d365,08:30,false,true,false
2019-09-06,NFP,bls_schedule_2019_home,8a2ffae139a8a593d70b26c980c8ffe48047e9105d94319bead2a25378a3d365,08:30,false,false,true
2019-09-12,CPI,bls_schedule_2019_home,8a2ffae139a8a593d70b26c980c8ffe48047e9105d94319bead2a25378a3d365,08:30,false,true,false
2019-09-17,FOMC,fed_fomchistorical2019,01d922d94d021b6dfe7c9ceb403fbc434cdd88b734dbd104476f90b066c8b08b,,false,false,false
2019-09-18,FOMC,fed_statement_20190918a,75433b9823377b2a357d16c2d4a833a11620bce4b2c4c6481d81ad5d6ecadcc6,14:00,true,false,false
2019-10-04,FOMC,fed_fomchistorical2019,01d922d94d021b6dfe7c9ceb403fbc434cdd88b734dbd104476f90b066c8b08b,,false,false,false
2019-10-04,NFP,bls_schedule_2019_home,8a2ffae139a8a593d70b26c980c8ffe48047e9105d94319bead2a25378a3d365,08:30,false,false,true
2019-10-10,CPI,bls_schedule_2019_home,8a2ffae139a8a593d70b26c980c8ffe48047e9105d94319bead2a25378a3d365,08:30,false,true,false
2019-10-11,FOMC,fed_statement_20191011a,52ce30b32e5a6b45167e8a183bd8765a62157f03490637c560d690f811850cab,11:00,true,false,false
2019-10-29,FOMC,fed_fomchistorical2019,01d922d94d021b6dfe7c9ceb403fbc434cdd88b734dbd104476f90b066c8b08b,,false,false,false
2019-10-30,FOMC,fed_statement_20191030a,8d1cdbbeab2372620e24ec59b28bf6041e94314eed47ba9a5ae5b4b30a16872a,14:00,true,false,false
2019-11-01,NFP,bls_schedule_2019_home,8a2ffae139a8a593d70b26c980c8ffe48047e9105d94319bead2a25378a3d365,08:30,false,false,true
2019-11-13,CPI,bls_schedule_2019_home,8a2ffae139a8a593d70b26c980c8ffe48047e9105d94319bead2a25378a3d365,08:30,false,true,false
2019-12-06,NFP,bls_schedule_2019_home,8a2ffae139a8a593d70b26c980c8ffe48047e9105d94319bead2a25378a3d365,08:30,false,false,true
2019-12-10,FOMC,fed_fomchistorical2019,01d922d94d021b6dfe7c9ceb403fbc434cdd88b734dbd104476f90b066c8b08b,,false,false,false
2019-12-11,CPI,bls_schedule_2019_home,8a2ffae139a8a593d70b26c980c8ffe48047e9105d94319bead2a25378a3d365,08:30,false,true,false
2019-12-11,FOMC,fed_statement_20191211a,e396dfe1ab2dca3cc28950f4bc978971849a9613cb6986c5e5f477ac7fa0379d,14:00,true,false,false
2020-01-10,NFP,bls_schedule_2020_home,bcbb7b1fe1ae19f5d1ec74c1d8bed91e7573142f0797b690fcd6686ea9f83191,08:30,false,false,true
2020-01-14,CPI,bls_schedule_2020_home,bcbb7b1fe1ae19f5d1ec74c1d8bed91e7573142f0797b690fcd6686ea9f83191,08:30,false,true,false
2020-01-28,FOMC,fed_fomchistorical2020,9cd0affb51ab6ab91a03a9a27f30d4f195e758f9c7d56c8dce40ec00ed0ef3e7,,false,false,false
2020-01-29,FOMC,fed_statement_20200129a,6b6f612ae46e170355ef4c753d31766613640547e9ef50f48feedd7973d2d691,14:00,true,false,false
2020-02-07,NFP,bls_schedule_2020_home,bcbb7b1fe1ae19f5d1ec74c1d8bed91e7573142f0797b690fcd6686ea9f83191,08:30,false,false,true
2020-02-13,CPI,bls_schedule_2020_home,bcbb7b1fe1ae19f5d1ec74c1d8bed91e7573142f0797b690fcd6686ea9f83191,08:30,false,true,false
2020-03-02,FOMC,fed_fomchistorical2020,9cd0affb51ab6ab91a03a9a27f30d4f195e758f9c7d56c8dce40ec00ed0ef3e7,,false,false,false
2020-03-03,FOMC,fed_statement_20200303a,3ad38e7dca94e2bf1eb3ad8baa2229ceb76a773c6606f89c10e0c31a8803c6c5,10:00,true,false,false
2020-03-06,NFP,bls_schedule_2020_home,bcbb7b1fe1ae19f5d1ec74c1d8bed91e7573142f0797b690fcd6686ea9f83191,08:30,false,false,true
2020-03-11,CPI,bls_schedule_2020_home,bcbb7b1fe1ae19f5d1ec74c1d8bed91e7573142f0797b690fcd6686ea9f83191,08:30,false,true,false
2020-03-15,FOMC,fed_statement_20200315a,d0026d855c12698a42a1a63bc41e7ff3cb480e353c2949c5f91d2a05b2726818,17:00,true,false,false
2020-03-19,FOMC,fed_fomchistorical2020,9cd0affb51ab6ab91a03a9a27f30d4f195e758f9c7d56c8dce40ec00ed0ef3e7,,false,false,false
2020-03-23,FOMC,fed_statement_20200323a,3ee1150da68cfeb3f347af6825b1f1d22c2c9e08757927bfd92fae1bfa935a97,08:00,true,false,false
2020-03-31,FOMC,fed_fomchistorical2020,9cd0affb51ab6ab91a03a9a27f30d4f195e758f9c7d56c8dce40ec00ed0ef3e7,,false,false,false
2020-04-03,NFP,bls_schedule_2020_home,bcbb7b1fe1ae19f5d1ec74c1d8bed91e7573142f0797b690fcd6686ea9f83191,08:30,false,false,true
2020-04-10,CPI,bls_schedule_2020_home,bcbb7b1fe1ae19f5d1ec74c1d8bed91e7573142f0797b690fcd6686ea9f83191,08:30,false,true,false
2020-04-28,FOMC,fed_fomchistorical2020,9cd0affb51ab6ab91a03a9a27f30d4f195e758f9c7d56c8dce40ec00ed0ef3e7,,false,false,false
2020-04-29,FOMC,fed_statement_20200429a,61589525de9f5bb415e6fcd98b3fd53f3f753b846b8e9b743686cc4ecfd38b10,14:00,true,false,false
2020-05-08,NFP,bls_schedule_2020_home,bcbb7b1fe1ae19f5d1ec74c1d8bed91e7573142f0797b690fcd6686ea9f83191,08:30,false,false,true
2020-05-12,CPI,bls_schedule_2020_home,bcbb7b1fe1ae19f5d1ec74c1d8bed91e7573142f0797b690fcd6686ea9f83191,08:30,false,true,false
2020-06-05,NFP,bls_schedule_2020_home,bcbb7b1fe1ae19f5d1ec74c1d8bed91e7573142f0797b690fcd6686ea9f83191,08:30,false,false,true
2020-06-09,FOMC,fed_fomchistorical2020,9cd0affb51ab6ab91a03a9a27f30d4f195e758f9c7d56c8dce40ec00ed0ef3e7,,false,false,false
2020-06-10,CPI,bls_schedule_2020_home,bcbb7b1fe1ae19f5d1ec74c1d8bed91e7573142f0797b690fcd6686ea9f83191,08:30,false,true,false
2020-06-10,FOMC,fed_statement_20200610a,9759d297d94564319ac52c06094cf66d77b08e06aa764a12c9876bd00f249ab6,14:00,true,false,false
2020-07-02,NFP,bls_schedule_2020_home,bcbb7b1fe1ae19f5d1ec74c1d8bed91e7573142f0797b690fcd6686ea9f83191,08:30,false,false,true
2020-07-14,CPI,bls_schedule_2020_home,bcbb7b1fe1ae19f5d1ec74c1d8bed91e7573142f0797b690fcd6686ea9f83191,08:30,false,true,false
2020-07-28,FOMC,fed_fomchistorical2020,9cd0affb51ab6ab91a03a9a27f30d4f195e758f9c7d56c8dce40ec00ed0ef3e7,,false,false,false
2020-07-29,FOMC,fed_statement_20200729a,dcea9aa9a75e90d84a555df661832957d5bc5b743c367a72b21aa0d7bcb6d6f9,14:00,true,false,false
2020-08-07,NFP,bls_schedule_2020_home,bcbb7b1fe1ae19f5d1ec74c1d8bed91e7573142f0797b690fcd6686ea9f83191,08:30,false,false,true
2020-08-12,CPI,bls_schedule_2020_home,bcbb7b1fe1ae19f5d1ec74c1d8bed91e7573142f0797b690fcd6686ea9f83191,08:30,false,true,false
2020-08-27,FOMC,fed_fomchistorical2020,9cd0affb51ab6ab91a03a9a27f30d4f195e758f9c7d56c8dce40ec00ed0ef3e7,,false,false,false
2020-09-04,NFP,bls_schedule_2020_home,bcbb7b1fe1ae19f5d1ec74c1d8bed91e7573142f0797b690fcd6686ea9f83191,08:30,false,false,true
2020-09-11,CPI,bls_schedule_2020_home,bcbb7b1fe1ae19f5d1ec74c1d8bed91e7573142f0797b690fcd6686ea9f83191,08:30,false,true,false
2020-09-15,FOMC,fed_fomchistorical2020,9cd0affb51ab6ab91a03a9a27f30d4f195e758f9c7d56c8dce40ec00ed0ef3e7,,false,false,false
2020-09-16,FOMC,fed_statement_20200916a,b1207365f22d298811de8bcc4bcc27e35a4a72729fd8fb4df0c104e5ec2eb061,14:00,true,false,false
2020-10-02,NFP,bls_schedule_2020_home,bcbb7b1fe1ae19f5d1ec74c1d8bed91e7573142f0797b690fcd6686ea9f83191,08:30,false,false,true
2020-10-13,CPI,bls_schedule_2020_home,bcbb7b1fe1ae19f5d1ec74c1d8bed91e7573142f0797b690fcd6686ea9f83191,08:30,false,true,false
2020-11-04,FOMC,fed_fomchistorical2020,9cd0affb51ab6ab91a03a9a27f30d4f195e758f9c7d56c8dce40ec00ed0ef3e7,,false,false,false
2020-11-05,FOMC,fed_statement_20201105a,50883634ee50edc19fd9ae4e13ba686939b96c2f64a3fb6c610e8b50c7692113,14:00,true,false,false
2020-11-06,NFP,bls_schedule_2020_home,bcbb7b1fe1ae19f5d1ec74c1d8bed91e7573142f0797b690fcd6686ea9f83191,08:30,false,false,true
2020-11-12,CPI,bls_schedule_2020_home,bcbb7b1fe1ae19f5d1ec74c1d8bed91e7573142f0797b690fcd6686ea9f83191,08:30,false,true,false
2020-12-04,NFP,bls_schedule_2020_home,bcbb7b1fe1ae19f5d1ec74c1d8bed91e7573142f0797b690fcd6686ea9f83191,08:30,false,false,true
2020-12-10,CPI,bls_schedule_2020_home,bcbb7b1fe1ae19f5d1ec74c1d8bed91e7573142f0797b690fcd6686ea9f83191,08:30,false,true,false
2020-12-15,FOMC,fed_fomchistorical2020,9cd0affb51ab6ab91a03a9a27f30d4f195e758f9c7d56c8dce40ec00ed0ef3e7,,false,false,false
2020-12-16,FOMC,fed_statement_20201216a,e71966e09a72ccddd5c54559cccbac873ab562e1f16bfb61a999bad8ce4c0249,14:00,true,false,false
2021-01-08,NFP,bls_schedule_2021_home,68e293324a32bd0ec63415cfa38e5f501e73cd3896148900b08b5a091eb3c8da,08:30,false,false,true
2021-01-13,CPI,bls_schedule_2021_home,68e293324a32bd0ec63415cfa38e5f501e73cd3896148900b08b5a091eb3c8da,08:30,false,true,false
2021-01-26,FOMC,fed_fomccalendars,83258b54c39eac52daf85408252168214d0ba2f58eff0538cdaa41e2030d2d1d,,false,false,false
2021-01-27,FOMC,fed_statement_20210127a,18598f8a69eae624feb23f92b3fae546a0e5272461ae8b2cff13c9272e756afd,14:00,true,false,false
2021-02-05,NFP,bls_schedule_2021_home,68e293324a32bd0ec63415cfa38e5f501e73cd3896148900b08b5a091eb3c8da,08:30,false,false,true
2021-02-10,CPI,bls_schedule_2021_home,68e293324a32bd0ec63415cfa38e5f501e73cd3896148900b08b5a091eb3c8da,08:30,false,true,false
2021-03-05,NFP,bls_schedule_2021_home,68e293324a32bd0ec63415cfa38e5f501e73cd3896148900b08b5a091eb3c8da,08:30,false,false,true
2021-03-10,CPI,bls_schedule_2021_home,68e293324a32bd0ec63415cfa38e5f501e73cd3896148900b08b5a091eb3c8da,08:30,false,true,false
2021-03-16,FOMC,fed_fomccalendars,83258b54c39eac52daf85408252168214d0ba2f58eff0538cdaa41e2030d2d1d,,false,false,false
2021-03-17,FOMC,fed_statement_20210317a,3271c495d3a94cd8b0a887617ecb7e7786a4adb529ebc9078b7e8896caf0338b,14:00,true,false,false
2021-04-02,NFP,bls_schedule_2021_home,68e293324a32bd0ec63415cfa38e5f501e73cd3896148900b08b5a091eb3c8da,08:30,false,false,true
2021-04-13,CPI,bls_schedule_2021_home,68e293324a32bd0ec63415cfa38e5f501e73cd3896148900b08b5a091eb3c8da,08:30,false,true,false
2021-04-27,FOMC,fed_fomccalendars,83258b54c39eac52daf85408252168214d0ba2f58eff0538cdaa41e2030d2d1d,,false,false,false
2021-04-28,FOMC,fed_statement_20210428a,7ca0a33d41112292f260efe2ae6c85dfdc94a548dd107ed31e10b73da6618ccf,14:00,true,false,false
2021-05-07,NFP,bls_schedule_2021_home,68e293324a32bd0ec63415cfa38e5f501e73cd3896148900b08b5a091eb3c8da,08:30,false,false,true
2021-05-12,CPI,bls_schedule_2021_home,68e293324a32bd0ec63415cfa38e5f501e73cd3896148900b08b5a091eb3c8da,08:30,false,true,false
2021-06-04,NFP,bls_schedule_2021_home,68e293324a32bd0ec63415cfa38e5f501e73cd3896148900b08b5a091eb3c8da,08:30,false,false,true
2021-06-10,CPI,bls_schedule_2021_home,68e293324a32bd0ec63415cfa38e5f501e73cd3896148900b08b5a091eb3c8da,08:30,false,true,false
2021-06-15,FOMC,fed_fomccalendars,83258b54c39eac52daf85408252168214d0ba2f58eff0538cdaa41e2030d2d1d,,false,false,false
2021-06-16,FOMC,fed_statement_20210616a,8552ed3e423d16b64a2fb2774be0543d3cace2dd7dc20beba57fd2acaebbbbf4,14:00,true,false,false
2021-07-02,NFP,bls_schedule_2021_home,68e293324a32bd0ec63415cfa38e5f501e73cd3896148900b08b5a091eb3c8da,08:30,false,false,true
2021-07-13,CPI,bls_schedule_2021_home,68e293324a32bd0ec63415cfa38e5f501e73cd3896148900b08b5a091eb3c8da,08:30,false,true,false
2021-07-27,FOMC,fed_fomccalendars,83258b54c39eac52daf85408252168214d0ba2f58eff0538cdaa41e2030d2d1d,,false,false,false
2021-07-28,FOMC,fed_statement_20210728a,149c6b2ca48aaf95c4fa2c876878974fa7a5ef3a27b37d88a20875d53cfe6ec2,14:00,true,false,false
2021-08-06,NFP,bls_schedule_2021_home,68e293324a32bd0ec63415cfa38e5f501e73cd3896148900b08b5a091eb3c8da,08:30,false,false,true
2021-08-11,CPI,bls_schedule_2021_home,68e293324a32bd0ec63415cfa38e5f501e73cd3896148900b08b5a091eb3c8da,08:30,false,true,false
2021-09-03,NFP,bls_schedule_2021_home,68e293324a32bd0ec63415cfa38e5f501e73cd3896148900b08b5a091eb3c8da,08:30,false,false,true
2021-09-14,CPI,bls_schedule_2021_home,68e293324a32bd0ec63415cfa38e5f501e73cd3896148900b08b5a091eb3c8da,08:30,false,true,false
2021-09-21,FOMC,fed_fomccalendars,83258b54c39eac52daf85408252168214d0ba2f58eff0538cdaa41e2030d2d1d,,false,false,false
2021-09-22,FOMC,fed_statement_20210922a,26b08b7d327ba94ca5778461a7deae72c35f8ca56e7dc2795849cff4c6601d27,14:00,true,false,false
2021-10-08,NFP,bls_schedule_2021_home,68e293324a32bd0ec63415cfa38e5f501e73cd3896148900b08b5a091eb3c8da,08:30,false,false,true
2021-10-13,CPI,bls_schedule_2021_home,68e293324a32bd0ec63415cfa38e5f501e73cd3896148900b08b5a091eb3c8da,08:30,false,true,false
2021-11-02,FOMC,fed_fomccalendars,83258b54c39eac52daf85408252168214d0ba2f58eff0538cdaa41e2030d2d1d,,false,false,false
2021-11-03,FOMC,fed_statement_20211103a,c6cc384f96e6ce403c86ee576d733816d62d6716be3d81b4265d79f31dd90d9c,14:00,true,false,false
2021-11-05,NFP,bls_schedule_2021_home,68e293324a32bd0ec63415cfa38e5f501e73cd3896148900b08b5a091eb3c8da,08:30,false,false,true
2021-11-10,CPI,bls_schedule_2021_home,68e293324a32bd0ec63415cfa38e5f501e73cd3896148900b08b5a091eb3c8da,08:30,false,true,false
2021-12-03,NFP,bls_schedule_2021_home,68e293324a32bd0ec63415cfa38e5f501e73cd3896148900b08b5a091eb3c8da,08:30,false,false,true
2021-12-10,CPI,bls_schedule_2021_home,68e293324a32bd0ec63415cfa38e5f501e73cd3896148900b08b5a091eb3c8da,08:30,false,true,false
2021-12-14,FOMC,fed_fomccalendars,83258b54c39eac52daf85408252168214d0ba2f58eff0538cdaa41e2030d2d1d,,false,false,false
2021-12-15,FOMC,fed_statement_20211215a,5e57b93349cdd8e30491c51657598bd71b2ea18c7a6ff61ca50b48fec645cada,14:00,true,false,false
