Date,ProShares Name,Ticker,NAV,Prior NAV,NAV Change (%),NAV Change ($),Shares Outstanding (000),Assets Under Management
03/26/2014,ProShares Short VIX Short-Term Futures ETF,SVXY,58.662,60.0438,-2.30132,-1.3818,3650.04,214118646.48
03/25/2014,ProShares Short VIX Short-Term Futures ETF,SVXY,60.0438,59.1695,1.47762,0.8743,3650.04,219162271.752
03/24/2014,ProShares Short VIX Short-Term Futures ETF,SVXY,59.1695,59.027,0.24141,0.1425,3750.04,221887991.78
03/21/2014,ProShares Short VIX Short-Term Futures ETF,SVXY,59.027,59.9775,-1.58476,-0.9505,3750.04,221353611.08
03/20/2014,ProShares Short VIX Short-Term Futures ETF,SVXY,59.9775,59.0297,1.60563,0.9478,3750.04,224918024.1
03/19/2014,ProShares Short VIX Short-Term Futures ETF,SVXY,59.0297,60.5597,-2.52643,-1.53,3750.04,221363736.188
03/18/2014,ProShares Short VIX Short-Term Futures ETF,SVXY,60.5597,58.5792,3.38089,1.9805,3750.04,227101297.388
03/17/2014,ProShares Short VIX Short-Term Futures ETF,SVXY,58.5792,55.397,5.74435,3.1822,3650.04,213816423.168
03/14/2014,ProShares Short VIX Short-Term Futures ETF,SVXY,55.397,57.3437,-3.39479,-1.9467,3650.04,202201265.88
03/13/2014,ProShares Short VIX Short-Term Futures ETF,SVXY,57.3437,60.1932,-4.73392,-2.8495,3650.04,209306798.748
03/12/2014,ProShares Short VIX Short-Term Futures ETF,SVXY,60.1932,59.5583,1.06601,0.6349,3650.04,219707587.728
03/11/2014,ProShares Short VIX Short-Term Futures ETF,SVXY,59.5583,60.3803,-1.36137,-0.822,3650.04,217390177.332
03/10/2014,ProShares Short VIX Short-Term Futures ETF,SVXY,60.3803,60.2757,0.17354,0.1046,3650.04,220390510.212
03/07/2014,ProShares Short VIX Short-Term Futures ETF,SVXY,60.2757,61.7035,-2.31397,-1.4278,3650.04,220008716.028
03/06/2014,ProShares Short VIX Short-Term Futures ETF,SVXY,61.7035,61.4239,0.45520,0.2796,3750.04,231390593.14
03/05/2014,ProShares Short VIX Short-Term Futures ETF,SVXY,61.4239,61.5291,-0.17098,-0.1052,4250.04,261054031.956
03/04/2014,ProShares Short VIX Short-Term Futures ETF,SVXY,61.5291,57.1185,7.72184,4.4106,4250.04,261501136.164
03/03/2014,ProShares Short VIX Short-Term Futures ETF,SVXY,57.1185,61.8529,-7.65429,-4.7344,4250.04,242755909.74
02/28/2014,ProShares Short VIX Short-Term Futures ETF,SVXY,61.8529,62.4689,-0.98609,-0.616,4250.04,262877299.116
02/27/2014,ProShares Short VIX Short-Term Futures ETF,SVXY,62.4689,61.7885,1.10118,0.6804,4550.04,284235993.756
02/26/2014,ProShares Short VIX Short-Term Futures ETF,SVXY,61.7885,63.4265,-2.58252,-1.638,4550.04,281140146.54
02/25/2014,ProShares Short VIX Short-Term Futures ETF,SVXY,63.4265,63.0117,0.65829,0.4148,4550.04,288593112.06
02/24/2014,ProShares Short VIX Short-Term Futures ETF,SVXY,63.0117,62.4663,0.87311,0.5454,4550.04,286705755.468
02/21/2014,ProShares Short VIX Short-Term Futures ETF,SVXY,62.4663,63.2449,-1.23109,-0.7786,4850.04,302964053.652
02/20/2014,ProShares Short VIX Short-Term Futures ETF,SVXY,63.2449,61.4435,2.93180,1.8014,4850.04,306740294.796
02/19/2014,ProShares Short VIX Short-Term Futures ETF,SVXY,61.4435,65.7536,-6.55493,-4.3101,4850.04,298003432.74
02/18/2014,ProShares Short VIX Short-Term Futures ETF,SVXY,65.7536,64.7292,1.58259,1.0244,4850.04,318907590.144
02/14/2014,ProShares Short VIX Short-Term Futures ETF,SVXY,64.7292,63.6039,1.76923,1.1253,4850.04,313939209.168
02/13/2014,ProShares Short VIX Short-Term Futures ETF,SVXY,63.6039,63.4654,0.21823,0.1385,4850.04,308481459.156
02/12/2014,ProShares Short VIX Short-Term Futures ETF,SVXY,63.4654,62.0857,2.22225,1.3797,4850.04,307809728.616
02/11/2014,ProShares Short VIX Short-Term Futures ETF,SVXY,62.0857,59.9567,3.55090,2.129,4850.04,301118128.428
02/10/2014,ProShares Short VIX Short-Term Futures ETF,SVXY,59.9567,60.0129,-0.09365,-0.0562,4850.04,290792393.268
02/07/2014,ProShares Short VIX Short-Term Futures ETF,SVXY,60.0129,55.9275,7.30481,4.0854,4450.04,267059805.516
02/06/2014,ProShares Short VIX Short-Term Futures ETF,SVXY,55.9275,50.7824,10.13166,5.1451,4450.04,248879612.1
02/05/2014,ProShares Short VIX Short-Term Futures ETF,SVXY,50.7824,52.0441,-2.42429,-1.2617,4350.04,220905471.296
02/04/2014,ProShares Short VIX Short-Term Futures ETF,SVXY,52.0441,50.945,2.15742,1.0991,4350.04,226393916.764
02/03/2014,ProShares Short VIX Short-Term Futures ETF,SVXY,50.945,55.5727,-8.32729,-4.6277,4200.04,213971037.8
01/31/2014,ProShares Short VIX Short-Term Futures ETF,SVXY,55.5727,58.6674,-5.27499,-3.0947,3650.04,202842577.908
01/30/2014,ProShares Short VIX Short-Term Futures ETF,SVXY,58.6674,59.4626,-1.33731,-0.7952,3150.04,184804656.696
01/29/2014,ProShares Short VIX Short-Term Futures ETF,SVXY,59.4626,64.1718,-7.33843,-4.7092,2950.04,175417048.504
01/28/2014,ProShares Short VIX Short-Term Futures ETF,SVXY,64.1718,60.9372,5.30809,3.2346,2750.04,176475016.872
01/27/2014,ProShares Short VIX Short-Term Futures ETF,SVXY,60.9372,60.6299,0.50685,0.3073,2750.04,167579737.488
01/24/2014,ProShares Short VIX Short-Term Futures ETF,SVXY,60.6299,70.0589,-13.45868,-9.429,2300.04,139451195.196
01/23/2014,ProShares Short VIX Short-Term Futures ETF,SVXY,70.0589,71.8157,-2.44626,-1.7568,2100.04,147126492.356
01/22/2014,ProShares Short VIX Short-Term Futures ETF,SVXY,71.8157,70.5679,1.76823,1.2478,2100.04,150815842.628
01/21/2014,ProShares Short VIX Short-Term Futures ETF,SVXY,70.5679,69.8304,1.05613,0.7375,2100.04,148195412.716
01/17/2014,ProShares Short VIX Short-Term Futures ETF,SVXY,69.83045,69.61075,0.31561,0.2197,2100.04,146646738.218
01/16/2014,ProShares Short VIX Short-Term Futures ETF,SVXY,69.61075,70.46915,-1.21812,-0.8584,2100.04,146185359.43
01/15/2014,ProShares Short VIX Short-Term Futures ETF,SVXY,70.4691,70.7261,-0.36337,-0.257,2100.04,147987928.764
01/14/2014,ProShares Short VIX Short-Term Futures ETF,SVXY,70.72605,68.31875,3.52363,2.4073,2100.04,148527534.042
01/13/2014,ProShares Short VIX Short-Term Futures ETF,SVXY,68.31875,69.98245,-2.37731,-1.6637,2100.04,143472107.75
01/10/2014,ProShares Short VIX Short-Term Futures ETF,SVXY,69.98245,68.55435,2.08316,1.4281,2100.04,146965944.298
01/09/2014,ProShares Short VIX Short-Term Futures ETF,SVXY,68.55435,68.77735,-0.32423,-0.223,2100.04,143966877.174
01/08/2014,ProShares Short VIX Short-Term Futures ETF,SVXY,68.7773,68.88,-0.14910,-0.1027,2100.04,144435081.092
01/07/2014,ProShares Short VIX Short-Term Futures ETF,SVXY,68.88,67.5785,1.92591,1.3015,2100.04,144650755.2
01/06/2014,ProShares Short VIX Short-Term Futures ETF,SVXY,67.5785,66.8932,1.02447,0.6853,2100.04,141917553.14
01/03/2014,ProShares Short VIX Short-Term Futures ETF,SVXY,66.89325,66.21525,1.02393,0.678,2100.04,140478500.73
01/02/2014,ProShares Short VIX Short-Term Futures ETF,SVXY,66.2153,67.4985,-1.90108,-1.2832,2100.04,139054778.612
12/31/2013,ProShares Short VIX Short-Term Futures ETF,SVXY,67.4985,67.4804,0.02682,0.0181,2100.04,141749549.94
12/30/2013,ProShares Short VIX Short-Term Futures ETF,SVXY,67.4804,68.4645,-1.43739,-0.9841,2100.04,141711539.216
12/27/2013,ProShares Short VIX Short-Term Futures ETF,SVXY,68.4645,69.7833,-1.88985,-1.3188,2100.04,143778188.58
12/26/2013,ProShares Short VIX Short-Term Futures ETF,SVXY,69.78325,69.67385,0.15702,0.1094,2100.04,146547616.33
12/24/2013,ProShares Short VIX Short-Term Futures ETF,SVXY,69.6739,67.3741,3.41348,2.2998,2100.04,146317976.956
12/23/2013,ProShares Short VIX Short-Term Futures ETF,SVXY,67.3741,64.9918,3.66554,2.3823,2100.04,141488304.964
12/20/2013,ProShares Short VIX Short-Term Futures ETF,SVXY,64.99185,64.93405,0.08901,0.0578,2500.04,162482224.674
12/19/2013,ProShares Short VIX Short-Term Futures ETF,SVXY,64.9341,64.7362,0.30570,0.1979,2500.04,162337847.364
12/18/2013,ProShares Short VIX Short-Term Futures ETF,SVXY,64.73625,60.64255,6.75054,4.0937,2500.04,161843214.45
12/17/2013,ProShares Short VIX Short-Term Futures ETF,SVXY,60.64255,59.99165,1.08498,0.6509,2500.04,151608800.702
12/16/2013,ProShares Short VIX Short-Term Futures ETF,SVXY,59.99165,61.04005,-1.71756,-1.0484,2300.04,137983194.666
12/13/2013,ProShares Short VIX Short-Term Futures ETF,SVXY,61.04005,61.10735,-0.11013,-0.0673,2300.04,140394556.602
12/12/2013,ProShares Short VIX Short-Term Futures ETF,SVXY,61.1073,61.6903,-0.94504,-0.583,2300.04,140549234.292
12/11/2013,ProShares Short VIX Short-Term Futures ETF,SVXY,61.6903,64.5821,-4.47771,-2.8918,2300.04,141890157.612
12/10/2013,ProShares Short VIX Short-Term Futures ETF,SVXY,64.5821,65.1769,-0.91259,-0.5948,2300.04,148541413.284
12/09/2013,ProShares Short VIX Short-Term Futures ETF,SVXY,65.1769,64.2997,1.36424,0.8772,2300.04,149909477.076
12/06/2013,ProShares Short VIX Short-Term Futures ETF,SVXY,64.29975,62.07405,3.58556,2.2257,2300.04,147891996.99
12/05/2013,ProShares Short VIX Short-Term Futures ETF,SVXY,62.07405,62.90155,-1.31555,-0.8275,2300.04,142772797.962
12/04/2013,ProShares Short VIX Short-Term Futures ETF,SVXY,62.90155,61.84395,1.71011,1.0576,2300.04,144676081.062
12/03/2013,ProShares Short VIX Short-Term Futures ETF,SVXY,61.84395,63.26475,-2.24580,-1.4208,2100.04,129874768.758
12/02/2013,ProShares Short VIX Short-Term Futures ETF,SVXY,63.2647,64.3407,-1.67235,-1.076,2100.04,132858400.588
11/29/2013,ProShares Short VIX Short-Term Futures ETF,SVXY,64.34065,64.73235,-0.60511,-0.3917,2100.04,135117938.626
11/27/2013,ProShares Short VIX Short-Term Futures ETF,SVXY,64.7323,65.1981,-0.71444,-0.4658,2100.04,135940419.292
11/26/2013,ProShares Short VIX Short-Term Futures ETF,SVXY,65.19805,65.52275,-0.49555,-0.3247,1800.04,117359097.922
11/25/2013,ProShares Short VIX Short-Term Futures ETF,SVXY,65.5227,65.6162,-0.14250,-0.0935,1800.04,117943480.908
11/22/2013,ProShares Short VIX Short-Term Futures ETF,SVXY,65.61615,65.06325,0.84979,0.5529,1800.04,118111694.646
11/21/2013,ProShares Short VIX Short-Term Futures ETF,SVXY,65.0633,63.0701,3.16029,1.9932,1800.04,117116542.532
11/20/2013,ProShares Short VIX Short-Term Futures ETF,SVXY,63.07015,61.59505,2.39484,1.4751,1600.04,100914762.806
11/19/2013,ProShares Short VIX Short-Term Futures ETF,SVXY,61.5951,62.4881,-1.42907,-0.893,1600.04,98554623.804
11/18/2013,ProShares Short VIX Short-Term Futures ETF,SVXY,62.4881,62.4163,0.11503,0.0718,1600.04,99983459.524
11/15/2013,ProShares Short VIX Short-Term Futures ETF,SVXY,62.41635,61.43065,1.60457,0.9857,1600.04,99868656.654
11/14/2013,ProShares Short VIX Short-Term Futures ETF,SVXY,61.4307,61.1069,0.52989,0.3238,1600.04,98291577.228
11/13/2013,ProShares Short VIX Short-Term Futures ETF,SVXY,61.10695,60.52615,0.95959,0.5808,1600.04,97773564.278
11/12/2013,ProShares Short VIX Short-Term Futures ETF,SVXY,60.5262,60.7397,-0.35150,-0.2135,1900.04,115002201.048
11/11/2013,ProShares Short VIX Short-Term Futures ETF,SVXY,60.7397,60.0976,1.06843,0.6421,1900.04,115407859.588
11/08/2013,ProShares Short VIX Short-Term Futures ETF,SVXY,60.0976,57.8568,3.87301,2.2408,1900.04,114187843.904
11/07/2013,ProShares Short VIX Short-Term Futures ETF,SVXY,57.85685,59.86605,-3.35616,-2.0092,1900.04,109930329.274
11/06/2013,ProShares Short VIX Short-Term Futures ETF,SVXY,59.866,58.7901,1.83007,1.0759,1900.04,113747794.64
11/05/2013,ProShares Short VIX Short-Term Futures ETF,SVXY,58.79015,59.10815,-0.53800,-0.318,1900.04,111703636.606
11/04/2013,ProShares Short VIX Short-Term Futures ETF,SVXY,59.10815,57.21435,3.31001,1.8938,1900.04,112307849.326
11/01/2013,ProShares Short VIX Short-Term Futures ETF,SVXY,57.21435,57.29605,-0.14259,-0.0817,1900.04,108709553.574
10/31/2013,ProShares Short VIX Short-Term Futures ETF,SVXY,57.296,57.1081,0.32903,0.1879,1900.04,108864691.84
10/30/2013,ProShares Short VIX Short-Term Futures ETF,SVXY,57.10815,57.41955,-0.54232,-0.3114,2100.04,119929399.326
10/29/2013,ProShares Short VIX Short-Term Futures ETF,SVXY,57.4195,57.1763,0.42535,0.2432,2100.04,120583246.78
10/28/2013,ProShares Short VIX Short-Term Futures ETF,SVXY,57.17635,57.29955,-0.21501,-0.1232,2100.04,120072622.054
10/25/2013,ProShares Short VIX Short-Term Futures ETF,SVXY,57.29955,57.49215,-0.33500,-0.1926,2100.04,120331346.982
10/24/2013,ProShares Short VIX Short-Term Futures ETF,SVXY,57.49215,56.68185,1.42956,0.8103,2500.04,143732674.686
10/23/2013,ProShares Short VIX Short-Term Futures ETF,SVXY,56.68185,56.99205,-0.54429,-0.3102,2700.04,153043262.274
10/22/2013,ProShares Short VIX Short-Term Futures ETF,SVXY,56.99205,57.02595,-0.05945,-0.0339,2700.04,153880814.682
10/21/2013,ProShares Short VIX Short-Term Futures ETF,SVXY,57.02595,58.02715,-1.72540,-1.0012,2700.04,153972346.038
10/18/2013,ProShares Short VIX Short-Term Futures ETF,SVXY,58.02715,57.21045,1.42754,0.8167,2700.04,156675626.086
10/17/2013,ProShares Short VIX Short-Term Futures ETF,SVXY,57.2105,53.7859,6.36710,3.4246,2800.04,160191688.42
10/16/2013,ProShares Short VIX Short-Term Futures ETF,SVXY,53.78595,48.87685,10.04381,4.9091,3000.04,161360001.438
10/15/2013,ProShares Short VIX Short-Term Futures ETF,SVXY,48.87685,51.13315,-4.41260,-2.2563,3000.04,146632505.074
10/14/2013,ProShares Short VIX Short-Term Futures ETF,SVXY,51.13315,51.91745,-1.51067,-0.7843,2900.04,148288180.326
10/11/2013,ProShares Short VIX Short-Term Futures ETF,SVXY,51.9174,50.4818,2.84380,1.4356,2900.04,150562536.696
10/10/2013,ProShares Short VIX Short-Term Futures ETF,SVXY,50.48185,45.67695,10.51931,4.8049,2700.04,136303014.274
10/09/2013,ProShares Short VIX Short-Term Futures ETF,SVXY,45.677,44.6548,2.28912,1.0222,2400.04,109626627.08
10/08/2013,ProShares Short VIX Short-Term Futures ETF,SVXY,44.6548,46.6757,-4.32966,-2.0209,2400.04,107173306.192
10/07/2013,ProShares Short VIX Short-Term Futures ETF,SVXY,46.6757,51.1412,-8.73171,-4.4655,2000.04,93353267.028
10/04/2013,ProShares Short VIX Short-Term Futures ETF,SVXY,51.14115,49.85125,2.58750,1.2899,1900.04,97170230.646
10/03/2013,ProShares Short VIX Short-Term Futures ETF,SVXY,49.85125,52.06945,-4.26008,-2.2182,1900.04,94719369.05
10/02/2013,ProShares Short VIX Short-Term Futures ETF,SVXY,52.06945,54.75265,-4.90058,-2.6832,2000.04,104140982.778
10/01/2013,ProShares Short VIX Short-Term Futures ETF,SVXY,54.75265,52.51105,4.26882,2.2416,2000.04,109507490.106
09/30/2013,ProShares Short VIX Short-Term Futures ETF,SVXY,52.5111,54.7309,-4.05584,-2.2198,1800.04,94522080.444
09/27/2013,ProShares Short VIX Short-Term Futures ETF,SVXY,54.73085,56.95465,-3.90451,-2.2238,1400.04,76625379.234
09/26/2013,ProShares Short VIX Short-Term Futures ETF,SVXY,56.95465,56.05035,1.61337,0.9043,1400.04,79738788.186
09/25/2013,ProShares Short VIX Short-Term Futures ETF,SVXY,56.05035,56.00725,0.07695,0.0431,1400.04,78472732.014
09/24/2013,ProShares Short VIX Short-Term Futures ETF,SVXY,56.00725,55.05445,1.73065,0.9528,1400.04,78412390.29
09/23/2013,ProShares Short VIX Short-Term Futures ETF,SVXY,55.0545,56.2854,-2.18689,-1.2309,1400.04,77078502.18
09/20/2013,ProShares Short VIX Short-Term Futures ETF,SVXY,56.28535,57.25615,-1.69554,-0.9708,1400.04,78801741.414
09/19/2013,ProShares Short VIX Short-Term Futures ETF,SVXY,57.2561,57.4418,-0.32328,-0.1857,1900.04,108788880.244
09/18/2013,ProShares Short VIX Short-Term Futures ETF,SVXY,57.44175,54.79855,4.82349,2.6432,1900.04,109141622.67
09/17/2013,ProShares Short VIX Short-Term Futures ETF,SVXY,54.79855,54.46055,0.62063,0.338,1900.04,104119436.942
09/16/2013,ProShares Short VIX Short-Term Futures ETF,SVXY,54.4606,53.6634,1.48556,0.7972,1900.04,103477318.424
09/13/2013,ProShares Short VIX Short-Term Futures ETF,SVXY,53.6634,53.6645,-0.00205,-0.0011,1800.04,96596266.536
09/12/2013,ProShares Short VIX Short-Term Futures ETF,SVXY,53.6645,53.9882,-0.59958,-0.3237,1800.04,96598246.58
09/11/2013,ProShares Short VIX Short-Term Futures ETF,SVXY,53.9882,52.0344,3.75482,1.9538,1800.04,97180919.528
09/10/2013,ProShares Short VIX Short-Term Futures ETF,SVXY,52.03445,50.48115,3.07699,1.5533,1800.04,93664091.378
09/09/2013,ProShares Short VIX Short-Term Futures ETF,SVXY,50.48115,48.50365,4.07701,1.9775,2000.04,100964319.246
09/06/2013,ProShares Short VIX Short-Term Futures ETF,SVXY,48.50365,48.79515,-0.59740,-0.2915,1900.04,92158875.146
09/05/2013,ProShares Short VIX Short-Term Futures ETF,SVXY,48.7951,48.1764,1.28424,0.6187,1900.04,92712641.804
09/04/2013,ProShares Short VIX Short-Term Futures ETF,SVXY,48.17645,47.82875,0.72697,0.3477,1900.04,91537182.058
09/03/2013,ProShares Short VIX Short-Term Futures ETF,SVXY,47.8288,46.305,3.29079,1.5238,1900.04,90876633.152
08/30/2013,ProShares Short VIX Short-Term Futures ETF,SVXY,46.30505,46.75525,-0.96289,-0.4502,1800.04,83350942.202
08/29/2013,ProShares Short VIX Short-Term Futures ETF,SVXY,46.75525,46.75355,0.00364,0.0017,1700.04,79485795.21
08/28/2013,ProShares Short VIX Short-Term Futures ETF,SVXY,46.7536,47.0947,-0.72429,-0.3411,1500.04,70132270.144
08/27/2013,ProShares Short VIX Short-Term Futures ETF,SVXY,47.0947,51.3165,-8.22698,-4.2218,1500.04,70643933.788
08/26/2013,ProShares Short VIX Short-Term Futures ETF,SVXY,51.3165,53.4732,-4.03324,-2.1567,1500.04,76976802.66
08/23/2013,ProShares Short VIX Short-Term Futures ETF,SVXY,53.47315,52.66415,1.53615,0.809,1500.04,80211863.926
08/22/2013,ProShares Short VIX Short-Term Futures ETF,SVXY,52.66415,50.64495,3.98697,2.0192,1500.04,78998331.566
08/21/2013,ProShares Short VIX Short-Term Futures ETF,SVXY,50.64495,52.15145,-2.88870,-1.5065,1700.04,86098440.798
08/20/2013,ProShares Short VIX Short-Term Futures ETF,SVXY,52.15145,51.21955,1.81942,0.9319,1700.04,88659551.058
08/19/2013,ProShares Short VIX Short-Term Futures ETF,SVXY,51.21955,52.48145,-2.40447,-1.2619,1700.04,87075283.782
08/16/2013,ProShares Short VIX Short-Term Futures ETF,SVXY,52.4814,52.1214,0.69070,0.36,1700.04,89220479.256
08/15/2013,ProShares Short VIX Short-Term Futures ETF,SVXY,52.12145,54.49665,-4.35843,-2.3752,1700.04,88608549.858
08/14/2013,ProShares Short VIX Short-Term Futures ETF,SVXY,54.4966,55.4496,-1.71868,-0.953,1700.04,92646399.864
08/13/2013,ProShares Short VIX Short-Term Futures ETF,SVXY,55.44955,54.94045,0.92664,0.5091,1500.04,83176542.982
08/12/2013,ProShares Short VIX Short-Term Futures ETF,SVXY,54.94045,54.20965,1.34810,0.7308,1500.04,82412872.618
08/09/2013,ProShares Short VIX Short-Term Futures ETF,SVXY,54.2097,55.5046,-2.33296,-1.2949,1500.04,81316718.388
08/08/2013,ProShares Short VIX Short-Term Futures ETF,SVXY,55.5046,54.6234,1.61323,0.8812,1200.04,66607740.184
08/07/2013,ProShares Short VIX Short-Term Futures ETF,SVXY,54.6234,55.3249,-1.26796,-0.7015,1200.04,65550264.936
08/06/2013,ProShares Short VIX Short-Term Futures ETF,SVXY,55.3249,56.8826,-2.73845,-1.5577,1200.04,66392092.996
08/05/2013,ProShares Short VIX Short-Term Futures ETF,SVXY,56.88255,56.25445,1.11653,0.6281,1200.04,68261335.302
08/02/2013,ProShares Short VIX Short-Term Futures ETF,SVXY,56.25445,54.62745,2.97836,1.627,1200.04,67507590.178
08/01/2013,ProShares Short VIX Short-Term Futures ETF,SVXY,54.6275,53.4472,2.20835,1.1803,1500.04,81943435.1
07/31/2013,ProShares Short VIX Short-Term Futures ETF,SVXY,53.44725,52.18595,2.41693,1.2613,1500.04,80173012.89
07/30/2013,ProShares Short VIX Short-Term Futures ETF,SVXY,52.18595,51.13215,2.06093,1.0538,1500.04,78281012.438
07/29/2013,ProShares Short VIX Short-Term Futures ETF,SVXY,51.13215,51.72035,-1.13727,-0.5882,1500.04,76700270.286
07/26/2013,ProShares Short VIX Short-Term Futures ETF,SVXY,51.72035,51.54885,0.33269,0.1715,1600.04,82754628.814
07/25/2013,ProShares Short VIX Short-Term Futures ETF,SVXY,51.54885,50.54905,1.97788,0.9998,1700.04,87635106.954
07/24/2013,ProShares Short VIX Short-Term Futures ETF,SVXY,50.54905,50.99405,-0.87265,-0.445,1700.04,85935406.962
07/23/2013,ProShares Short VIX Short-Term Futures ETF,SVXY,50.99405,50.82545,0.33172,0.1686,1700.04,86691924.762
07/22/2013,ProShares Short VIX Short-Term Futures ETF,SVXY,50.82545,50.11915,1.40924,0.7063,1900.04,96570388.018
07/19/2013,ProShares Short VIX Short-Term Futures ETF,SVXY,50.11915,48.45455,3.43538,1.6646,1900.04,95228389.766
07/18/2013,ProShares Short VIX Short-Term Futures ETF,SVXY,48.45455,48.01335,0.91891,0.4412,2100.04,101756493.182
07/17/2013,ProShares Short VIX Short-Term Futures ETF,SVXY,48.0134,46.3012,3.69796,1.7122,2100.04,100830060.536
07/16/2013,ProShares Short VIX Short-Term Futures ETF,SVXY,46.30125,47.62035,-2.77003,-1.3191,2200.04,101864602.05
07/15/2013,ProShares Short VIX Short-Term Futures ETF,SVXY,47.6203,46.2804,2.89518,1.3399,2200.04,104766564.812
07/12/2013,ProShares Short VIX Short-Term Futures ETF,SVXY,46.2804,46.7264,-0.95449,-0.446,2400.04,111074811.216
07/11/2013,ProShares Short VIX Short-Term Futures ETF,SVXY,46.7264,45.8408,1.93190,0.8856,2400.04,112145229.056
07/10/2013,ProShares Short VIX Short-Term Futures ETF,SVXY,45.8408,45.049,1.75764,0.7918,2400.04,110019753.632
07/09/2013,ProShares Short VIX Short-Term Futures ETF,SVXY,45.04905,44.64875,0.89655,0.4003,2400.04,108119521.962
07/08/2013,ProShares Short VIX Short-Term Futures ETF,SVXY,44.64875,42.97385,3.89749,1.6749,2400.04,107158785.95
07/05/2013,ProShares Short VIX Short-Term Futures ETF,SVXY,42.97385,40.57445,5.91357,2.3994,2400.04,103138958.954
07/03/2013,ProShares Short VIX Short-Term Futures ETF,SVXY,40.57445,40.09275,1.20146,0.4817,2400.04,97380302.978
07/02/2013,ProShares Short VIX Short-Term Futures ETF,SVXY,40.0928,40.0246,0.17040,0.0682,2400.04,96224323.712
07/01/2013,ProShares Short VIX Short-Term Futures ETF,SVXY,40.0246,39.1345,2.27446,0.8901,2500.04,100063100.984
06/28/2013,ProShares Short VIX Short-Term Futures ETF,SVXY,39.1345,38.8198,0.81067,0.3147,3000.04,117405065.38
06/27/2013,ProShares Short VIX Short-Term Futures ETF,SVXY,38.81985,37.60775,3.22301,1.2121,3000.04,116461102.794
06/26/2013,ProShares Short VIX Short-Term Futures ETF,SVXY,37.60775,36.60685,2.73419,1.0009,3000.04,112824754.31
06/25/2013,ProShares Short VIX Short-Term Futures ETF,SVXY,36.60685,35.50655,3.09886,1.1003,3000.04,109822014.274
06/24/2013,ProShares Short VIX Short-Term Futures ETF,SVXY,35.50655,37.71115,-5.84602,-2.2046,3000.04,106521070.262
06/21/2013,ProShares Short VIX Short-Term Futures ETF,SVXY,37.71115,36.61545,2.99245,1.0957,2700.04,101821613.446
06/20/2013,ProShares Short VIX Short-Term Futures ETF,SVXY,36.6155,41.422,-11.60374,-4.8065,2400.04,87878664.62
06/19/2013,ProShares Short VIX Short-Term Futures ETF,SVXY,41.42195,41.19035,0.56227,0.2316,2200.04,91129946.878
06/18/2013,ProShares Short VIX Short-Term Futures ETF,SVXY,41.1904,40.8537,0.82416,0.3367,2100.04,86501487.616
06/17/2013,ProShares Short VIX Short-Term Futures ETF,SVXY,40.85375,39.73745,2.80919,1.1163,2100.04,85794509.15
06/14/2013,ProShares Short VIX Short-Term Futures ETF,SVXY,39.73745,41.21045,-3.57434,-1.473,2100.04,83450234.498
06/13/2013,ProShares Short VIX Short-Term Futures ETF,SVXY,41.21045,39.14275,5.28246,2.0677,2200.04,90664638.418
06/12/2013,ProShares Short VIX Short-Term Futures ETF,SVXY,39.14275,41.67355,-6.07292,-2.5308,2200.04,86115615.71
06/11/2013,ProShares Short VIX Short-Term Futures ETF,SVXY,41.6735,44.4742,-6.29736,-2.8007,2200.04,91683366.94
06/10/2013,ProShares Short VIX Short-Term Futures ETF,SVXY,44.47415,43.94215,1.21068,0.532,2200.04,97844908.966
06/07/2013,ProShares Short VIX Short-Term Futures ETF,SVXY,43.9422,42.6594,3.00707,1.2828,2200.04,96674597.688
06/06/2013,ProShares Short VIX Short-Term Futures ETF,SVXY,42.6594,41.5281,2.72418,1.1313,2100.04,89586446.376
06/05/2013,ProShares Short VIX Short-Term Futures ETF,SVXY,41.52815,43.61385,-4.78220,-2.0857,1500.04,62293886.126
06/04/2013,ProShares Short VIX Short-Term Futures ETF,SVXY,43.61385,43.87715,-0.60008,-0.2633,1500.04,65422519.554
06/03/2013,ProShares Short VIX Short-Term Futures ETF,SVXY,43.87715,43.65325,0.51291,0.2239,900.04,39491190.086
05/31/2013,ProShares Short VIX Short-Term Futures ETF,SVXY,43.6533,45.4916,-4.04097,-1.8383,1400.04,61116366.132
05/30/2013,ProShares Short VIX Short-Term Futures ETF,SVXY,45.49155,45.60965,-0.25894,-0.1181,1600.04,72788299.662
05/29/2013,ProShares Short VIX Short-Term Futures ETF,SVXY,45.6096,46.1098,-1.08480,-0.5002,1600.04,72977184.384
05/28/2013,ProShares Short VIX Short-Term Futures ETF,SVXY,46.1098,45.3128,1.75888,0.797,1600.04,73777524.392
05/24/2013,ProShares Short VIX Short-Term Futures ETF,SVXY,45.31285,45.29785,0.03311,0.015,1600.04,72502372.514
05/23/2013,ProShares Short VIX Short-Term Futures ETF,SVXY,45.29785,45.88775,-1.28553,-0.5899,1600.04,72478371.914
05/22/2013,ProShares Short VIX Short-Term Futures ETF,SVXY,45.88775,45.61285,0.60268,0.2749,1600.04,73422235.51
05/21/2013,ProShares Short VIX Short-Term Futures ETF,SVXY,45.61285,46.53595,-1.98363,-0.9231,1600.04,72982384.514
05/20/2013,ProShares Short VIX Short-Term Futures ETF,SVXY,46.53595,46.55925,-0.05004,-0.0233,1300.04,60498596.438
05/17/2013,ProShares Short VIX Short-Term Futures ETF,SVXY,46.5592,45.6211,2.05629,0.9381,1300.04,60528822.368
05/16/2013,ProShares Short VIX Short-Term Futures ETF,SVXY,45.6211,46.2663,-1.39454,-0.6452,1500.04,68433474.844
05/15/2013,ProShares Short VIX Short-Term Futures ETF,SVXY,46.26625,46.61495,-0.74804,-0.3487,1500.04,69401225.65
05/14/2013,ProShares Short VIX Short-Term Futures ETF,SVXY,46.61495,46.41665,0.42722,0.1983,1500.04,69924289.598
05/13/2013,ProShares Short VIX Short-Term Futures ETF,SVXY,46.4167,46.2431,0.37541,0.1736,1500.04,69626906.668
05/10/2013,ProShares Short VIX Short-Term Futures ETF,SVXY,46.24315,45.38825,1.88353,0.8549,1700.04,78615204.726
05/09/2013,ProShares Short VIX Short-Term Futures ETF,SVXY,45.38825,46.11685,-1.57990,-0.7286,1600.04,72623015.53
05/08/2013,ProShares Short VIX Short-Term Futures ETF,SVXY,46.11685,46.69825,-1.24501,-0.5814,1600.04,73788804.674
05/07/2013,ProShares Short VIX Short-Term Futures ETF,SVXY,46.69825,46.54045,0.33906,0.1578,1600.04,74719067.93
05/06/2013,ProShares Short VIX Short-Term Futures ETF,SVXY,46.54045,45.54485,2.18598,0.9956,1700.04,79120626.618
05/03/2013,ProShares Short VIX Short-Term Futures ETF,SVXY,45.5449,44.7242,1.83502,0.8207,1700.04,77428151.796
05/02/2013,ProShares Short VIX Short-Term Futures ETF,SVXY,44.72425,43.23765,3.43821,1.4866,1700.04,76033013.97
05/01/2013,ProShares Short VIX Short-Term Futures ETF,SVXY,43.2377,45.1874,-4.31470,-1.9497,1700.04,73505819.508
04/30/2013,ProShares Short VIX Short-Term Futures ETF,SVXY,45.18735,44.45615,1.64477,0.7312,1700.04,76820302.494
04/29/2013,ProShares Short VIX Short-Term Futures ETF,SVXY,44.45615,44.31315,0.32270,0.143,1700.04,75577233.246
04/26/2013,ProShares Short VIX Short-Term Futures ETF,SVXY,44.3132,44.3981,-0.19122,-0.0849,2100.04,93059492.528
04/25/2013,ProShares Short VIX Short-Term Futures ETF,SVXY,44.3981,44.8131,-0.92607,-0.415,2100.04,93237785.924
04/24/2013,ProShares Short VIX Short-Term Futures ETF,SVXY,44.8131,45.0598,-0.54749,-0.2467,2100.04,94109302.524
04/23/2013,ProShares Short VIX Short-Term Futures ETF,SVXY,45.05975,43.00185,4.78561,2.0579,2200.04,99133252.39
04/22/2013,ProShares Short VIX Short-Term Futures ETF,SVXY,43.00185,41.31705,4.07774,1.6848,2200.04,94605790.074
04/19/2013,ProShares Short VIX Short-Term Futures ETF,SVXY,41.3171,38.5866,7.07629,2.7305,2300.04,95030982.684
04/18/2013,ProShares Short VIX Short-Term Futures ETF,SVXY,38.5866,40.4492,-4.60479,-1.8626,2400.04,92609383.464
04/17/2013,ProShares Short VIX Short-Term Futures ETF,SVXY,40.4492,45.7798,-11.64400,-5.3306,2300.04,93034777.968
04/16/2013,ProShares Short VIX Short-Term Futures ETF,SVXY,45.7798,40.9247,11.86350,4.8551,1600.04,73249511.192
04/15/2013,ProShares Short VIX Short-Term Futures ETF,SVXY,40.92475,50.44935,-18.87953,-9.5246,1500.04,61388761.99
04/12/2013,ProShares Short VIX Short-Term Futures ETF,SVXY,50.4493,49.2227,2.49194,1.2266,1300.04,65586107.972
04/11/2013,ProShares Short VIX Short-Term Futures ETF,SVXY,49.22275,49.25955,-0.07471,-0.0368,1300.04,63991543.91
04/10/2013,ProShares Short VIX Short-Term Futures ETF,SVXY,49.2595,47.5236,3.65271,1.7359,1000.04,49261470.38
04/09/2013,ProShares Short VIX Short-Term Futures ETF,SVXY,47.5236,47.3635,0.33802,0.1601,1100.04,52277860.944
04/08/2013,ProShares Short VIX Short-Term Futures ETF,SVXY,47.3635,45.8183,3.37245,1.5452,1200.04,56838094.54
04/05/2013,ProShares Short VIX Short-Term Futures ETF,SVXY,45.8183,45.8629,-0.09725,-0.0446,1200.04,54983792.732
04/04/2013,ProShares Short VIX Short-Term Futures ETF,SVXY,45.8629,44.9968,1.92480,0.8661,900.04,41278444.516
04/03/2013,ProShares Short VIX Short-Term Futures ETF,SVXY,44.99685,47.21915,-4.70635,-2.2223,1000.04,44998649.874
04/02/2013,ProShares Short VIX Short-Term Futures ETF,SVXY,47.2191,45.5298,3.71032,1.6893,1200.04,56664808.764
04/01/2013,ProShares Short VIX Short-Term Futures ETF,SVXY,45.5298,46.1103,-1.25894,-0.5805,1300.04,59190561.192
03/28/2013,ProShares Short VIX Short-Term Futures ETF,SVXY,46.1103,45.5993,1.12063,0.511,1500.04,69167294.412
03/27/2013,ProShares Short VIX Short-Term Futures ETF,SVXY,45.5993,46.1636,-1.22239,-0.5643,1500.04,68400773.972
03/26/2013,ProShares Short VIX Short-Term Futures ETF,SVXY,46.16355,45.20035,2.13096,0.9632,1400.04,64630816.542
03/25/2013,ProShares Short VIX Short-Term Futures ETF,SVXY,45.2004,44.4892,1.59859,0.7112,1300.04,58762328.016
03/22/2013,ProShares Short VIX Short-Term Futures ETF,SVXY,44.48925,44.05805,0.97871,0.4312,1300.04,57837804.57
03/21/2013,ProShares Short VIX Short-Term Futures ETF,SVXY,44.0581,45.4267,-3.01277,-1.3686,1300.04,57277292.324
03/20/2013,ProShares Short VIX Short-Term Futures ETF,SVXY,45.4267,42.9204,5.83941,2.5063,1300.04,59056527.068
03/19/2013,ProShares Short VIX Short-Term Futures ETF,SVXY,42.9204,43.048,-0.29641,-0.1276,1500.04,64382316.816
03/18/2013,ProShares Short VIX Short-Term Futures ETF,SVXY,43.04795,45.37555,-5.12963,-2.3276,1200.04,51659261.918
03/15/2013,ProShares Short VIX Short-Term Futures ETF,SVXY,45.37555,45.66455,-0.63288,-0.289,1200.04,54452475.022
03/14/2013,ProShares Short VIX Short-Term Futures ETF,SVXY,45.6645,45.1996,1.02855,0.4649,1200.04,54799226.58
03/13/2013,ProShares Short VIX Short-Term Futures ETF,SVXY,45.19965,44.76385,0.97355,0.4358,1200.04,54241387.986
03/12/2013,ProShares Short VIX Short-Term Futures ETF,SVXY,44.7639,45.839,-2.34538,-1.0751,1400.04,62671250.556
03/11/2013,ProShares Short VIX Short-Term Futures ETF,SVXY,45.83895,43.79365,4.67031,2.0453,1400.04,64176363.558
03/08/2013,ProShares Short VIX Short-Term Futures ETF,SVXY,43.7937,43.1184,1.56615,0.6753,1300.04,56933561.748
03/07/2013,ProShares Short VIX Short-Term Futures ETF,SVXY,43.1184,42.0881,2.44796,1.0303,1300.04,56055644.736
03/06/2013,ProShares Short VIX Short-Term Futures ETF,SVXY,42.0881,42.2671,-0.42350,-0.179,1400.04,58925023.524
03/05/2013,ProShares Short VIX Short-Term Futures ETF,SVXY,42.2671,41.2912,2.36346,0.9759,1400.04,59175630.684
03/04/2013,ProShares Short VIX Short-Term Futures ETF,SVXY,41.2912,38.4004,7.52805,2.8908,1500.04,61938451.648
03/01/2013,ProShares Short VIX Short-Term Futures ETF,SVXY,38.40045,38.99525,-1.52531,-0.5948,1400.04,53762166.018
02/28/2013,ProShares Short VIX Short-Term Futures ETF,SVXY,38.99525,40.77445,-4.36352,-1.7792,1400.04,54594909.81
02/27/2013,ProShares Short VIX Short-Term Futures ETF,SVXY,40.7744,37.5047,8.71811,3.2697,1500.04,61163230.976
02/26/2013,ProShares Short VIX Short-Term Futures ETF,SVXY,37.50475,36.55645,2.59407,0.9483,1800.04,67510050.19
02/25/2013,ProShares Short VIX Short-Term Futures ETF,SVXY,36.5565,43.8384,-16.61078,-7.2819,1200.04,43869262.26
02/22/2013,ProShares Short VIX Short-Term Futures ETF,SVXY,43.8384,42.2257,3.81924,1.6127,1200.04,52607833.536
02/21/2013,ProShares Short VIX Short-Term Futures ETF,SVXY,42.2257,42.5143,-0.67883,-0.2886,1200.04,50672529.028
02/20/2013,ProShares Short VIX Short-Term Futures ETF,SVXY,42.51425,47.32485,-10.16506,-4.8106,900.04,38264525.57
02/19/2013,ProShares Short VIX Short-Term Futures ETF,SVXY,47.3248,45.4384,4.15155,1.8864,900.04,42594212.992
02/15/2013,ProShares Short VIX Short-Term Futures ETF,SVXY,45.43845,45.28235,0.34473,0.1561,600.04,27264887.538
02/14/2013,ProShares Short VIX Short-Term Futures ETF,SVXY,45.28235,44.70295,1.29611,0.5794,900.04,40755926.294
02/13/2013,ProShares Short VIX Short-Term Futures ETF,SVXY,44.70295,44.56155,0.31731,0.1414,1000.04,44704738.118
02/12/2013,ProShares Short VIX Short-Term Futures ETF,SVXY,44.56155,44.07705,1.09921,0.4845,1100.04,49019487.462
02/11/2013,ProShares Short VIX Short-Term Futures ETF,SVXY,44.0771,43.7216,0.81310,0.3555,1100.04,48486573.084
02/08/2013,ProShares Short VIX Short-Term Futures ETF,SVXY,43.7216,42.8819,1.95817,0.8397,1100.04,48095508.864
02/07/2013,ProShares Short VIX Short-Term Futures ETF,SVXY,42.8819,42.8515,0.07094,0.0304,1200.04,51459995.276
02/06/2013,ProShares Short VIX Short-Term Futures ETF,SVXY,42.85155,42.17685,1.59969,0.6747,1200.04,51423574.062
02/05/2013,ProShares Short VIX Short-Term Futures ETF,SVXY,42.1769,40.8853,3.15908,1.2916,1300.04,54831657.076
02/04/2013,ProShares Short VIX Short-Term Futures ETF,SVXY,40.88535,42.86105,-4.60955,-1.9757,1300.04,53152590.414
02/01/2013,ProShares Short VIX Short-Term Futures ETF,SVXY,42.86105,41.63655,2.94093,1.2245,1400.04,60007184.442
01/31/2013,ProShares Short VIX Short-Term Futures ETF,SVXY,41.6366,41.2594,0.91422,0.3772,1400.04,58292905.464
01/30/2013,ProShares Short VIX Short-Term Futures ETF,SVXY,41.2594,44.2797,-6.82096,-3.0203,1400.04,57764810.376
01/29/2013,ProShares Short VIX Short-Term Futures ETF,SVXY,44.2797,42.8819,3.25965,1.3978,1100.04,48709441.188
01/28/2013,ProShares Short VIX Short-Term Futures ETF,SVXY,42.88195,44.07555,-2.70808,-1.1936,1100.04,47171860.278
01/25/2013,ProShares Short VIX Short-Term Futures ETF,SVXY,44.0755,44.4301,-0.79811,-0.3546,1100.04,48484813.02
01/24/2013,ProShares Short VIX Short-Term Futures ETF,SVXY,44.43005,45.06465,-1.40820,-0.6346,1100.04,48874832.202
01/23/2013,ProShares Short VIX Short-Term Futures ETF,SVXY,45.06465,44.00535,2.40721,1.0593,1100.04,49572917.586
01/22/2013,ProShares Short VIX Short-Term Futures ETF,SVXY,44.0054,42.1888,4.30588,1.8166,1100.04,48407700.216
01/18/2013,ProShares Short VIX Short-Term Futures ETF,SVXY,42.1888,39.6494,6.40464,2.5394,1100.04,46409367.552
01/17/2013,ProShares Short VIX Short-Term Futures ETF,SVXY,39.6494,40.1282,-1.19318,-0.4788,1900.04,75335445.976
01/16/2013,ProShares Short VIX Short-Term Futures ETF,SVXY,40.1282,39.3836,1.89063,0.7446,1900.04,76245185.128
01/15/2013,ProShares Short VIX Short-Term Futures ETF,SVXY,39.3836,39.0539,0.84422,0.3297,2000.04,78768775.344
01/14/2013,ProShares Short VIX Short-Term Futures ETF,SVXY,39.05395,38.93455,0.30667,0.1194,2000.04,78109462.158
01/11/2013,ProShares Short VIX Short-Term Futures ETF,SVXY,38.93455,38.71465,0.56800,0.2199,2000.04,77870657.382
01/10/2013,ProShares Short VIX Short-Term Futures ETF,SVXY,38.71465,37.90625,2.13263,0.8084,2200.04,85173778.586
01/09/2013,ProShares Short VIX Short-Term Futures ETF,SVXY,37.9063,37.8538,0.13869,0.0525,2300.04,87186006.252
01/08/2013,ProShares Short VIX Short-Term Futures ETF,SVXY,37.85385,37.77675,0.20409,0.0771,2200.04,83279984.154
01/07/2013,ProShares Short VIX Short-Term Futures ETF,SVXY,37.7768,36.9451,2.25118,0.8317,2200.04,83110471.072
01/04/2013,ProShares Short VIX Short-Term Futures ETF,SVXY,36.9451,36.0575,2.46162,0.8876,2300.04,84975207.804
01/03/2013,ProShares Short VIX Short-Term Futures ETF,SVXY,36.0575,36.645,-1.60322,-0.5875,2400.04,86539442.3
01/02/2013,ProShares Short VIX Short-Term Futures ETF,SVXY,36.645,33.0783,10.78260,3.5667,2600.04,95278465.8
12/31/2012,ProShares Short VIX Short-Term Futures ETF,SVXY,33.07835,27.77265,19.10405,5.3057,2500.04,82697198.134
12/28/2012,ProShares Short VIX Short-Term Futures ETF,SVXY,27.7727,32.9511,-15.71541,-5.1784,2400.04,66655590.908
12/27/2012,ProShares Short VIX Short-Term Futures ETF,SVXY,32.9511,32.4073,1.67802,0.5438,2500.04,82379068.044
12/26/2012,ProShares Short VIX Short-Term Futures ETF,SVXY,32.4073,33.8455,-4.24931,-1.4382,2500.04,81019546.292
12/24/2012,ProShares Short VIX Short-Term Futures ETF,SVXY,33.8455,34.5947,-2.16565,-0.7492,2000.04,67692353.82
12/21/2012,ProShares Short VIX Short-Term Futures ETF,SVXY,34.5947,36.0543,-4.04834,-1.4596,1900.04,65731313.788
12/20/2012,ProShares Short VIX Short-Term Futures ETF,SVXY,36.05425,36.90505,-2.30538,-0.8508,1900.04,68504517.17
12/19/2012,ProShares Short VIX Short-Term Futures ETF,SVXY,36.90505,39.25485,-5.98601,-2.3498,2000.04,73811576.202
12/18/2012,ProShares Short VIX Short-Term Futures ETF,SVXY,39.25485,38.42125,2.16963,0.8336,1800.04,70660300.194
12/17/2012,ProShares Short VIX Short-Term Futures ETF,SVXY,38.4213,36.946,3.99313,1.4753,1500.04,57633486.852
12/14/2012,ProShares Short VIX Short-Term Futures ETF,SVXY,36.94605,36.76065,0.50434,0.1854,1400.04,51725947.842
12/13/2012,ProShares Short VIX Short-Term Futures ETF,SVXY,36.7607,37.358,-1.59885,-0.5973,1400.04,51466450.428
12/12/2012,ProShares Short VIX Short-Term Futures ETF,SVXY,37.358,38.8517,-3.84462,-1.4937,1500.04,56038494.32
12/11/2012,ProShares Short VIX Short-Term Futures ETF,SVXY,38.8517,37.6915,3.07815,1.1602,1500.04,58279104.068
12/10/2012,ProShares Short VIX Short-Term Futures ETF,SVXY,37.69155,37.42855,0.70267,0.263,1500.04,56538832.662
12/07/2012,ProShares Short VIX Short-Term Futures ETF,SVXY,37.4286,36.574,2.33663,0.8546,1500.04,56144397.144
12/06/2012,ProShares Short VIX Short-Term Futures ETF,SVXY,36.574,37.2505,-1.81608,-0.6765,1500.04,54862462.96
12/05/2012,ProShares Short VIX Short-Term Futures ETF,SVXY,37.25045,36.26255,2.72430,0.9879,1500.04,55877165.018
12/04/2012,ProShares Short VIX Short-Term Futures ETF,SVXY,36.2626,36.5694,-0.83895,-0.3068,1400.04,50769090.504
12/03/2012,ProShares Short VIX Short-Term Futures ETF,SVXY,36.5694,38.3179,-4.56314,-1.7485,1400.04,51198622.776
11/30/2012,ProShares Short VIX Short-Term Futures ETF,SVXY,38.31785,38.94225,-1.60340,-0.6244,1400.04,53646522.714
11/29/2012,ProShares Short VIX Short-Term Futures ETF,SVXY,38.94225,38.31965,1.62475,0.6226,1400.04,54520707.69
11/28/2012,ProShares Short VIX Short-Term Futures ETF,SVXY,38.31965,36.94755,3.71364,1.3721,1400.04,53649042.786
11/27/2012,ProShares Short VIX Short-Term Futures ETF,SVXY,36.9476,38.1973,-3.27170,-1.2497,1400.04,51728117.904
11/26/2012,ProShares Short VIX Short-Term Futures ETF,SVXY,38.1973,37.0816,3.00877,1.1157,1400.04,53477747.892
11/23/2012,ProShares Short VIX Short-Term Futures ETF,SVXY,37.0816,36.3138,2.11435,0.7678,1400.04,51915723.264
11/21/2012,ProShares Short VIX Short-Term Futures ETF,SVXY,36.31385,36.42925,-0.31678,-0.1154,1400.04,50840842.554
11/20/2012,ProShares Short VIX Short-Term Futures ETF,SVXY,36.4292,36.0152,1.14951,0.414,1400.04,51002337.168
11/19/2012,ProShares Short VIX Short-Term Futures ETF,SVXY,36.01525,33.13485,8.69296,2.8804,1400.04,50422790.61
11/16/2012,ProShares Short VIX Short-Term Futures ETF,SVXY,33.13485,31.49805,5.19651,1.6368,1400.04,46390115.394
11/15/2012,ProShares Short VIX Short-Term Futures ETF,SVXY,31.49805,31.76285,-0.83368,-0.2648,1400.04,44098529.922
11/14/2012,ProShares Short VIX Short-Term Futures ETF,SVXY,31.76285,33.27615,-4.54770,-1.5133,1400.04,44469260.514
11/13/2012,ProShares Short VIX Short-Term Futures ETF,SVXY,33.27615,33.00785,0.81284,0.2683,1400.04,46587941.046
11/12/2012,ProShares Short VIX Short-Term Futures ETF,SVXY,33.0079,30.9074,6.79611,2.1005,1400.04,46212380.316
11/09/2012,ProShares Short VIX Short-Term Futures ETF,SVXY,30.9074,31.2963,-1.24264,-0.3889,1400.04,43271596.296
11/08/2012,ProShares Short VIX Short-Term Futures ETF,SVXY,31.29625,30.88305,1.33795,0.4132,1300.04,40686376.85
11/07/2012,ProShares Short VIX Short-Term Futures ETF,SVXY,30.88305,33.87615,-8.83542,-2.9931,1300.04,40149200.322
11/06/2012,ProShares Short VIX Short-Term Futures ETF,SVXY,33.8761,32.2897,4.91302,1.5864,1300.04,44040285.044
11/05/2012,ProShares Short VIX Short-Term Futures ETF,SVXY,32.2897,32.8237,-1.62687,-0.534,1300.04,41977901.588
11/02/2012,ProShares Short VIX Short-Term Futures ETF,SVXY,32.8237,34.4283,-4.66070,-1.6046,1300.04,42672122.948
11/01/2012,ProShares Short VIX Short-Term Futures ETF,SVXY,34.42825,31.38415,9.69948,3.0441,1300.04,44758102.13
10/31/2012,ProShares Short VIX Short-Term Futures ETF,SVXY,31.3842,32.5721,-3.64699,-1.1879,1500.04,47077555.368
10/26/2012,ProShares Short VIX Short-Term Futures ETF,SVXY,32.57205,32.51305,0.18147,0.059,1500.04,48859377.882
10/25/2012,ProShares Short VIX Short-Term Futures ETF,SVXY,32.51305,31.85725,2.05856,0.6558,1500.04,48770875.522
10/24/2012,ProShares Short VIX Short-Term Futures ETF,SVXY,31.85725,31.17845,2.17714,0.6788,1500.04,47787149.29
10/23/2012,ProShares Short VIX Short-Term Futures ETF,SVXY,31.17845,34.69585,-10.13781,-3.5174,1600.04,49886767.138
10/22/2012,ProShares Short VIX Short-Term Futures ETF,SVXY,34.6958,34.1807,1.50699,0.5151,1300.04,45105927.832
10/19/2012,ProShares Short VIX Short-Term Futures ETF,SVXY,34.1807,36.1189,-5.36617,-1.9382,1300.04,44436277.228
10/18/2012,ProShares Short VIX Short-Term Futures ETF,SVXY,36.1189,36.6658,-1.49158,-0.5469,1300.04,46956014.756
10/17/2012,ProShares Short VIX Short-Term Futures ETF,SVXY,36.6658,36.0313,1.76097,0.6345,1300.04,47667006.632
10/16/2012,ProShares Short VIX Short-Term Futures ETF,SVXY,36.0313,35.2388,2.24894,0.7925,1400.04,50445261.252
10/15/2012,ProShares Short VIX Short-Term Futures ETF,SVXY,35.2388,33.6255,4.79785,1.6133,1400.04,49335729.552
10/12/2012,ProShares Short VIX Short-Term Futures ETF,SVXY,33.62555,34.51675,-2.58193,-0.8912,1300.04,43714560.022
10/11/2012,ProShares Short VIX Short-Term Futures ETF,SVXY,34.51675,33.41395,3.30042,1.1028,1300.04,44873155.67
10/10/2012,ProShares Short VIX Short-Term Futures ETF,SVXY,33.414,33.5808,-0.49671,-0.1668,1300.04,43439536.56
10/09/2012,ProShares Short VIX Short-Term Futures ETF,SVXY,33.5808,35.0198,-4.10910,-1.439,1300.04,43656383.232
10/08/2012,ProShares Short VIX Short-Term Futures ETF,SVXY,35.01975,35.33835,-0.90157,-0.3186,1300.04,45527075.79
10/05/2012,ProShares Short VIX Short-Term Futures ETF,SVXY,35.33835,35.11595,0.63333,0.2224,1300.04,45941268.534
10/04/2012,ProShares Short VIX Short-Term Futures ETF,SVXY,35.116025,34.169625,2.76971,0.9464,1400.04,49163839.641
10/03/2012,ProShares Short VIX Short-Term Futures ETF,SVXY,34.1697,33.8372,0.98265,0.3325,1400.04,47838946.788
10/02/2012,ProShares Short VIX Short-Term Futures ETF,SVXY,33.8372,33.17,2.01146,0.6672,1600.04,54140873.488
10/01/2012,ProShares Short VIX Short-Term Futures ETF,SVXY,33.170075,34.026175,-2.51600,-0.8561,1600.04,53073446.803
09/28/2012,ProShares Short VIX Short-Term Futures ETF,SVXY,34.026175,34.651975,-1.80596,-0.6258,1600.04,54443241.047
09/27/2012,ProShares Short VIX Short-Term Futures ETF,SVXY,34.651975,32.009375,8.25571,2.6426,1400.04,48514151.079
09/26/2012,ProShares Short VIX Short-Term Futures ETF,SVXY,32.009375,33.114975,-3.33867,-1.1056,1400.04,44814405.375
09/25/2012,ProShares Short VIX Short-Term Futures ETF,SVXY,33.1149,35.6274,-7.05216,-2.5125,1200.04,39739204.596
09/24/2012,ProShares Short VIX Short-Term Futures ETF,SVXY,35.627325,35.267625,1.01992,0.3597,800.04,28503285.093
09/21/2012,ProShares Short VIX Short-Term Futures ETF,SVXY,35.267625,34.569125,2.02059,0.6985,800.04,28215510.705
09/20/2012,ProShares Short VIX Short-Term Futures ETF,SVXY,34.5692,35.3382,-2.17612,-0.769,800.04,27656742.768
09/19/2012,ProShares Short VIX Short-Term Futures ETF,SVXY,35.338175,34.922175,1.19122,0.416,800.04,28271953.527
09/18/2012,ProShares Short VIX Short-Term Futures ETF,SVXY,34.9222,33.7058,3.60887,1.2164,1400.04,48892476.888
09/17/2012,ProShares Short VIX Short-Term Futures ETF,SVXY,33.705825,32.704725,3.06103,1.0011,1000.04,33707173.233
09/14/2012,ProShares Short VIX Short-Term Futures ETF,SVXY,32.704725,34.630125,-5.55990,-1.9254,1000.04,32706033.189
09/13/2012,ProShares Short VIX Short-Term Futures ETF,SVXY,34.63005,32.59945,6.22894,2.0306,800.04,27705425.202
09/12/2012,ProShares Short VIX Short-Term Futures ETF,SVXY,32.599525,31.292525,4.17672,1.307,600.04,19561018.981
09/11/2012,ProShares Short VIX Short-Term Futures ETF,SVXY,31.29255,31.10585,0.60021,0.1867,800.04,25035291.702
09/10/2012,ProShares Short VIX Short-Term Futures ETF,SVXY,31.1059,33.4486,-7.00388,-2.3427,800.04,24885964.236
09/07/2012,ProShares Short VIX Short-Term Futures ETF,SVXY,33.44855,31.66335,5.63806,1.7852,1200.04,40139597.942
09/06/2012,ProShares Short VIX Short-Term Futures ETF,SVXY,31.66335,28.81595,9.88133,2.8474,600.04,18999276.534
09/05/2012,ProShares Short VIX Short-Term Futures ETF,SVXY,28.816,28.1477,2.37426,0.6683,800.04,23053952.64
09/04/2012,ProShares Short VIX Short-Term Futures ETF,SVXY,28.14775,27.65985,1.76393,0.4879,600.04,16889775.91
08/31/2012,ProShares Short VIX Short-Term Futures ETF,SVXY,27.6599,26.6701,3.71127,0.9898,800.04,22129026.396
08/30/2012,ProShares Short VIX Short-Term Futures ETF,SVXY,26.670125,27.227325,-2.04647,-0.5572,1000.04,26671191.805
08/29/2012,ProShares Short VIX Short-Term Futures ETF,SVXY,27.227325,27.584725,-1.29564,-0.3574,1000.04,27228414.093
08/28/2012,ProShares Short VIX Short-Term Futures ETF,SVXY,27.584675,27.862575,-0.99740,-0.2779,800.04,22068843.387
08/27/2012,ProShares Short VIX Short-Term Futures ETF,SVXY,27.86255,28.20525,-1.21502,-0.3427,800.04,22291154.502
08/24/2012,ProShares Short VIX Short-Term Futures ETF,SVXY,28.20525,27.21525,3.63767,0.99,600.04,16924278.21
08/23/2012,ProShares Short VIX Short-Term Futures ETF,SVXY,27.215275,27.652575,-1.58141,-0.4373,600.04,16330253.611
08/22/2012,ProShares Short VIX Short-Term Futures ETF,SVXY,27.652525,28.038825,-1.37773,-0.3863,600.04,16592621.101
08/21/2012,ProShares Short VIX Short-Term Futures ETF,SVXY,28.038775,28.824275,-2.72513,-0.7855,600.04,16824386.551
08/20/2012,ProShares Short VIX Short-Term Futures ETF,SVXY,28.82425,28.84775,-0.08146,-0.0235,800.04,23060552.97
08/17/2012,ProShares Short VIX Short-Term Futures ETF,SVXY,28.847725,27.973425,3.12547,0.8743,800.04,23079333.909
08/16/2012,ProShares Short VIX Short-Term Futures ETF,SVXY,27.9735,27.5912,1.38559,0.3823,800.04,22379918.94
08/15/2012,ProShares Short VIX Short-Term Futures ETF,SVXY,27.591225,27.522425,0.24998,0.0688,800.04,22074083.649
08/14/2012,ProShares Short VIX Short-Term Futures ETF,SVXY,27.52245,28.71835,-4.16424,-1.1959,800.04,22019060.898
08/13/2012,ProShares Short VIX Short-Term Futures ETF,SVXY,28.718325,28.001425,2.56023,0.7169,1000.04,28719473.733
08/10/2012,ProShares Short VIX Short-Term Futures ETF,SVXY,28.001425,27.786525,0.77340,0.2149,200.04,5601405.057
08/09/2012,ProShares Short VIX Short-Term Futures ETF,SVXY,27.78655,27.42145,1.33144,0.3651,600.04,16673041.462
08/08/2012,ProShares Short VIX Short-Term Futures ETF,SVXY,27.421525,26.290125,4.30352,1.1314,800.04,21938316.861
08/07/2012,ProShares Short VIX Short-Term Futures ETF,SVXY,26.2902,27.4286,-4.15041,-1.1384,600.04,15775171.608
08/06/2012,ProShares Short VIX Short-Term Futures ETF,SVXY,27.4286,26.8648,2.09866,0.5638,800.04,21943977.144
08/03/2012,ProShares Short VIX Short-Term Futures ETF,SVXY,26.864825,25.081825,7.10873,1.783,800.04,21492934.593
08/02/2012,ProShares Short VIX Short-Term Futures ETF,SVXY,25.08185,24.07205,4.19491,1.0098,800.04,20066483.274
08/01/2012,ProShares Short VIX Short-Term Futures ETF,SVXY,24.072125,23.802825,1.13138,0.2693,800.04,19258662.885
07/31/2012,ProShares Short VIX Short-Term Futures ETF,SVXY,23.80285,24.29345,-2.01947,-0.4906,800.04,19043232.114
07/30/2012,ProShares Short VIX Short-Term Futures ETF,SVXY,24.293375,25.366475,-4.23039,-1.0731,600.04,14576996.735
07/27/2012,ProShares Short VIX Short-Term Futures ETF,SVXY,25.36645,24.78625,2.34081,0.5802,800.04,20294174.658
07/26/2012,ProShares Short VIX Short-Term Futures ETF,SVXY,24.786275,22.811775,8.65562,1.9745,1000.04,24787266.451
07/25/2012,ProShares Short VIX Short-Term Futures ETF,SVXY,22.81185,22.05495,3.43188,0.7569,1200.04,27375132.474
07/24/2012,ProShares Short VIX Short-Term Futures ETF,SVXY,22.05495,23.19835,-4.92880,-1.1434,1000.04,22055832.198
07/23/2012,ProShares Short VIX Short-Term Futures ETF,SVXY,23.19835,25.30535,-8.32630,-2.107,1200.04,27838947.934
07/20/2012,ProShares Short VIX Short-Term Futures ETF,SVXY,25.305275,26.658975,-5.07784,-1.3537,600.04,15184177.211
07/19/2012,ProShares Short VIX Short-Term Futures ETF,SVXY,26.65895,26.05455,2.31975,0.6044,800.04,21328226.358
07/18/2012,ProShares Short VIX Short-Term Futures ETF,SVXY,26.0546,26.2141,-0.60845,-0.1595,800.04,20844722.184
07/17/2012,ProShares Short VIX Short-Term Futures ETF,SVXY,26.21405,25.23095,3.89641,0.9831,1000.04,26215098.562
07/16/2012,ProShares Short VIX Short-Term Futures ETF,SVXY,25.231,25.1536,0.30771,0.0774,600.04,15139609.24
07/13/2012,ProShares Short VIX Short-Term Futures ETF,SVXY,25.153625,23.731325,5.99334,1.4223,800.04,20123906.145
07/12/2012,ProShares Short VIX Short-Term Futures ETF,SVXY,23.73135,23.93055,-0.83241,-0.1992,1400.04,33224839.254
07/11/2012,ProShares Short VIX Short-Term Futures ETF,SVXY,23.93055,23.04415,3.84653,0.8864,1400.04,33503727.222
07/10/2012,ProShares Short VIX Short-Term Futures ETF,SVXY,23.04415,23.95545,-3.80414,-0.9113,1400.04,32262731.766
07/09/2012,ProShares Short VIX Short-Term Futures ETF,SVXY,23.9554,23.9581,-0.01127,-0.0027,1000.04,23956358.216
07/06/2012,ProShares Short VIX Short-Term Futures ETF,SVXY,23.95805,23.50445,1.92985,0.4536,1000.04,23959008.322
07/05/2012,ProShares Short VIX Short-Term Futures ETF,SVXY,23.504525,24.666525,-4.71084,-1.162,1000.04,23505465.181
07/03/2012,ProShares Short VIX Short-Term Futures ETF,SVXY,24.66645,24.12405,2.24838,0.5424,200.04,4934276.658
07/02/2012,ProShares Short VIX Short-Term Futures ETF,SVXY,24.1241,22.6451,6.53121,1.479,200.04,4825784.964
06/29/2012,ProShares Short VIX Short-Term Futures ETF,SVXY,22.64515,21.08745,7.38686,1.5577,600.04,13587995.806
06/28/2012,ProShares Short VIX Short-Term Futures ETF,SVXY,21.0875,20.7679,1.53891,0.3196,1000.04,21088343.5
06/27/2012,ProShares Short VIX Short-Term Futures ETF,SVXY,20.7679,20.7259,0.20264,0.042,1000.04,20768730.716
06/26/2012,ProShares Short VIX Short-Term Futures ETF,SVXY,20.72595,20.14035,2.90760,0.5856,1000.04,20726779.038
06/25/2012,ProShares Short VIX Short-Term Futures ETF,SVXY,20.1404,20.6654,-2.54048,-0.525,1200.04,24169285.616
06/22/2012,ProShares Short VIX Short-Term Futures ETF,SVXY,20.66535,19.46925,6.14353,1.1961,1200.04,24799246.614
06/21/2012,ProShares Short VIX Short-Term Futures ETF,SVXY,19.469325,22.583625,-13.79008,-3.1143,1200.04,23363968.773
06/20/2012,ProShares Short VIX Short-Term Futures ETF,SVXY,22.58355,21.18255,6.61393,1.401,1600.04,36134583.342
06/19/2012,ProShares Short VIX Short-Term Futures ETF,SVXY,21.18255,21.25675,-0.34907,-0.0742,400.04,8473867.302
06/18/2012,ProShares Short VIX Short-Term Futures ETF,SVXY,21.25675,19.66935,8.07042,1.5874,600.04,12754900.27
06/15/2012,ProShares Short VIX Short-Term Futures ETF,SVXY,19.669425,18.590025,5.80634,1.0794,1600.04,31471866.777
06/14/2012,ProShares Short VIX Short-Term Futures ETF,SVXY,18.590025,17.469425,6.41464,1.1206,1600.04,29744783.601
06/13/2012,ProShares Short VIX Short-Term Futures ETF,SVXY,17.469475,18.407575,-5.09627,-0.9381,1200.04,20964068.779
06/12/2012,ProShares Short VIX Short-Term Futures ETF,SVXY,18.4075,17.7803,3.52750,0.6272,1200.04,22089736.3
06/11/2012,ProShares Short VIX Short-Term Futures ETF,SVXY,17.78035,20.06215,-11.37366,-2.2818,800.04,14224991.214
06/08/2012,ProShares Short VIX Short-Term Futures ETF,SVXY,20.062125,18.977925,5.71295,1.0842,800.04,16050502.485
06/07/2012,ProShares Short VIX Short-Term Futures ETF,SVXY,18.97795,18.78195,1.04356,0.196,1000.04,18978709.118
06/06/2012,ProShares Short VIX Short-Term Futures ETF,SVXY,18.78195,17.47325,7.48973,1.3087,1800.04,33808261.278
06/05/2012,ProShares Short VIX Short-Term Futures ETF,SVXY,17.473275,16.744275,4.35373,0.729,1800.04,31452593.931
06/04/2012,ProShares Short VIX Short-Term Futures ETF,SVXY,16.744325,16.315525,2.62817,0.4288,1800.04,30140454.773
06/01/2012,ProShares Short VIX Short-Term Futures ETF,SVXY,16.3156,17.483,-6.67734,-1.1674,1400.04,22842492.624
05/31/2012,ProShares Short VIX Short-Term Futures ETF,SVXY,17.483,17.7238,-1.35863,-0.2408,1400.04,24476899.32
05/30/2012,ProShares Short VIX Short-Term Futures ETF,SVXY,17.72375,19.78205,-10.40489,-2.0583,1400.04,24813958.95
05/29/2012,ProShares Short VIX Short-Term Futures ETF,SVXY,19.78205,18.68895,5.84891,1.0931,1400.04,27695661.282
05/25/2012,ProShares Short VIX Short-Term Futures ETF,SVXY,18.689025,18.873925,-0.97966,-0.1849,1400.04,26165382.561
05/24/2012,ProShares Short VIX Short-Term Futures ETF,SVXY,18.87385,18.51115,1.95936,0.3627,1400.04,26424144.954
05/23/2012,ProShares Short VIX Short-Term Futures ETF,SVXY,18.51115,18.40415,0.58139,0.107,1800.04,33320810.446
05/22/2012,ProShares Short VIX Short-Term Futures ETF,SVXY,18.4042,18.9413,-2.83560,-0.5371,1800.04,33128296.168
05/21/2012,ProShares Short VIX Short-Term Futures ETF,SVXY,18.941275,16.690475,13.48554,2.2508,1800.04,34095052.651
05/18/2012,ProShares Short VIX Short-Term Futures ETF,SVXY,16.69055,18.03265,-7.44261,-1.3421,1400.04,23367437.622
05/17/2012,ProShares Short VIX Short-Term Futures ETF,SVXY,18.0326,19.4479,-7.27739,-1.4153,1400.04,25246361.304
05/16/2012,ProShares Short VIX Short-Term Futures ETF,SVXY,19.44785,19.86655,-2.10756,-0.4187,1400.04,27227767.914
05/15/2012,ProShares Short VIX Short-Term Futures ETF,SVXY,19.866525,20.624825,-3.67664,-0.7583,1400.04,27813929.661
05/14/2012,ProShares Short VIX Short-Term Futures ETF,SVXY,20.624825,22.124925,-6.78014,-1.5001,1200.04,24750614.993
05/11/2012,ProShares Short VIX Short-Term Futures ETF,SVXY,22.1249,22.968,-3.67076,-0.8431,1200.04,26550764.996
05/10/2012,ProShares Short VIX Short-Term Futures ETF,SVXY,22.968,21.9242,4.76095,1.0438,1400.04,32156118.72
05/09/2012,ProShares Short VIX Short-Term Futures ETF,SVXY,21.92425,22.88505,-4.19837,-0.9608,1400.04,30694826.97
05/08/2012,ProShares Short VIX Short-Term Futures ETF,SVXY,22.885,23.0775,-0.83415,-0.1925,1400.04,32039915.4
05/07/2012,ProShares Short VIX Short-Term Futures ETF,SVXY,23.0775,22.412,2.96939,0.6655,1000.04,23078423.1
05/04/2012,ProShares Short VIX Short-Term Futures ETF,SVXY,22.412,23.6293,-5.15165,-1.2173,1000.04,22412896.48
05/03/2012,ProShares Short VIX Short-Term Futures ETF,SVXY,23.62925,24.48105,-3.47943,-0.8518,1200.04,28356045.17
05/02/2012,ProShares Short VIX Short-Term Futures ETF,SVXY,24.481,24.4495,0.12884,0.0315,1200.04,29378179.24
05/01/2012,ProShares Short VIX Short-Term Futures ETF,SVXY,24.44975,23.90075,2.29700,0.549,1200.04,29340677.99
04/30/2012,ProShares Short VIX Short-Term Futures ETF,SVXY,23.90075,24.39575,-2.02904,-0.495,1200.04,28681856.03
04/27/2012,ProShares Short VIX Short-Term Futures ETF,SVXY,24.39575,24.37345,0.09149,0.0223,800.04,19517575.83
04/26/2012,ProShares Short VIX Short-Term Futures ETF,SVXY,24.37325,23.71745,2.76505,0.6558,800.04,19499574.93
04/25/2012,ProShares Short VIX Short-Term Futures ETF,SVXY,23.7175,22.4477,5.65670,1.2698,1200.04,28461948.7
04/24/2012,ProShares Short VIX Short-Term Futures ETF,SVXY,22.448,21.5955,3.94758,0.8525,1200.04,26938497.92
04/23/2012,ProShares Short VIX Short-Term Futures ETF,SVXY,21.5955,22.573,-4.33039,-0.9775,1200.04,25915463.82
04/20/2012,ProShares Short VIX Short-Term Futures ETF,SVXY,22.573,21.8465,3.32548,0.7265,1200.04,27088502.92
04/19/2012,ProShares Short VIX Short-Term Futures ETF,SVXY,21.8465,21.699,0.67975,0.1475,1200.04,26216673.86
04/18/2012,ProShares Short VIX Short-Term Futures ETF,SVXY,21.699,22.3738,-3.01603,-0.6748,1200.04,26039667.96
04/17/2012,ProShares Short VIX Short-Term Futures ETF,SVXY,22.37375,20.98425,6.62163,1.3895,1200.04,26849394.95
04/16/2012,ProShares Short VIX Short-Term Futures ETF,SVXY,20.98425,20.67345,1.50338,0.3108,1200.04,25181939.37
04/13/2012,ProShares Short VIX Short-Term Futures ETF,SVXY,20.6735,22.6223,-8.61451,-1.9488,1200.04,24809026.94
04/12/2012,ProShares Short VIX Short-Term Futures ETF,SVXY,22.62225,20.41925,10.78884,2.203,1200.04,27147604.89
04/11/2012,ProShares Short VIX Short-Term Futures ETF,SVXY,20.41925,20.08075,1.68569,0.3385,1200.04,24503916.77
04/10/2012,ProShares Short VIX Short-Term Futures ETF,SVXY,20.081,21.4675,-6.45860,-1.3865,1200.04,24098003.24
04/09/2012,ProShares Short VIX Short-Term Futures ETF,SVXY,21.4675,22.6863,-5.37241,-1.2188,1200.04,25761858.7
04/05/2012,ProShares Short VIX Short-Term Futures ETF,SVXY,22.68625,23.33375,-2.77495,-0.6475,1200.04,27224407.45
04/04/2012,ProShares Short VIX Short-Term Futures ETF,SVXY,23.3335,24.1895,-3.53873,-0.856,1200.04,28001133.34
04/03/2012,ProShares Short VIX Short-Term Futures ETF,SVXY,24.18975,24.66875,-1.94173,-0.479,1200.04,29028667.59
04/02/2012,ProShares Short VIX Short-Term Futures ETF,SVXY,24.6685,24.744,-0.30512,-0.0755,1200.04,29603186.74
03/30/2012,ProShares Short VIX Short-Term Futures ETF,SVXY,24.74425,24.23225,2.11289,0.512,1200.04,29694089.77
03/29/2012,ProShares Short VIX Short-Term Futures ETF,SVXY,24.23225,23.68545,2.30859,0.5468,1200.04,29079669.29
03/28/2012,ProShares Short VIX Short-Term Futures ETF,SVXY,23.6855,23.7808,-0.40074,-0.0953,1600.04,37897747.42
03/27/2012,ProShares Short VIX Short-Term Futures ETF,SVXY,23.781,26.8403,-11.39816,-3.0593,800.04,19025751.24
03/26/2012,ProShares Short VIX Short-Term Futures ETF,SVXY,26.84,24.762,8.39189,2.078,800.04,21473073.6
03/23/2012,ProShares Short VIX Short-Term Futures ETF,SVXY,24.762,23.0925,7.22962,1.6695,800.04,19810590.48
03/22/2012,ProShares Short VIX Short-Term Futures ETF,SVXY,23.0925,23.4168,-1.38490,-0.3243,1000.04,23093423.7
03/21/2012,ProShares Short VIX Short-Term Futures ETF,SVXY,23.41675,22.25195,5.23460,1.1648,600.04,14050986.67
03/20/2012,ProShares Short VIX Short-Term Futures ETF,SVXY,22.25225,21.33675,4.29072,0.9155,400.04,8901790.09
03/19/2012,ProShares Short VIX Short-Term Futures ETF,SVXY,21.3365,19.911,7.15936,1.4255,600.04,12802753.46
03/16/2012,ProShares Short VIX Short-Term Futures ETF,SVXY,19.91125,19.69175,1.11468,0.2195,800.04,15929796.45
03/15/2012,ProShares Short VIX Short-Term Futures ETF,SVXY,19.6915,19.3037,2.00894,0.3878,600.04,11815687.66
03/14/2012,ProShares Short VIX Short-Term Futures ETF,SVXY,19.304,20.3543,-5.16009,-1.0503,200.04,3861572.16
03/13/2012,ProShares Short VIX Short-Term Futures ETF,SVXY,20.35425,19.64295,3.62115,0.7113,600.04,12213364.17
03/12/2012,ProShares Short VIX Short-Term Futures ETF,SVXY,19.643,18.7092,4.99113,0.9338,200.04,3929385.72
03/09/2012,ProShares Short VIX Short-Term Futures ETF,SVXY,18.7095,18.254,2.49534,0.4555,200.04,3742648.38
03/08/2012,ProShares Short VIX Short-Term Futures ETF,SVXY,18.25375,17.64195,3.46787,0.6118,600.04,10952980.15
03/07/2012,ProShares Short VIX Short-Term Futures ETF,SVXY,17.642,16.5717,6.45860,1.0703,600.04,10585905.68
03/06/2012,ProShares Short VIX Short-Term Futures ETF,SVXY,16.57175,18.19825,-8.93767,-1.6265,600.04,9943712.87
03/05/2012,ProShares Short VIX Short-Term Futures ETF,SVXY,18.1985,18.0805,0.65264,0.118,600.04,10919827.94
03/02/2012,ProShares Short VIX Short-Term Futures ETF,SVXY,18.08025,18.39875,-1.73110,-0.3185,600.04,10848873.21
03/01/2012,ProShares Short VIX Short-Term Futures ETF,SVXY,18.39875,17.72525,3.79966,0.6735,400.04,7360235.95
02/29/2012,ProShares Short VIX Short-Term Futures ETF,SVXY,17.72525,17.78605,-0.34184,-0.0608,400.04,7090809.01
02/28/2012,ProShares Short VIX Short-Term Futures ETF,SVXY,17.786,17.2982,2.81995,0.4878,400.04,7115111.44
02/27/2012,ProShares Short VIX Short-Term Futures ETF,SVXY,17.29825,17.55155,-1.44318,-0.2533,400.04,6919991.93
02/24/2012,ProShares Short VIX Short-Term Futures ETF,SVXY,17.5515,18.3815,-4.51541,-0.83,400.04,7021302.06
02/23/2012,ProShares Short VIX Short-Term Futures ETF,SVXY,18.3815,17.2445,6.59341,1.137,800.04,14705935.26
02/22/2012,ProShares Short VIX Short-Term Futures ETF,SVXY,17.24475,16.70845,3.20975,0.5363,400.04,6898589.79
02/21/2012,ProShares Short VIX Short-Term Futures ETF,SVXY,16.70825,16.70955,-0.00778,-0.0013,400.04,6683968.33
02/17/2012,ProShares Short VIX Short-Term Futures ETF,SVXY,16.7095,16.5872,0.73732,0.1223,200.04,3342568.38
02/16/2012,ProShares Short VIX Short-Term Futures ETF,SVXY,16.58725,15.66375,5.89578,0.9235,400.04,6635563.49
02/15/2012,ProShares Short VIX Short-Term Futures ETF,SVXY,15.66375,17.03455,-8.04717,-1.3708,600.04,9398876.55
02/14/2012,ProShares Short VIX Short-Term Futures ETF,SVXY,17.0345,17.4765,-2.52911,-0.442,600.04,10221381.38
02/13/2012,ProShares Short VIX Short-Term Futures ETF,SVXY,17.4765,16.2652,7.44719,1.2113,400.04,6991299.06
02/10/2012,ProShares Short VIX Short-Term Futures ETF,SVXY,16.26525,17.58325,-7.49577,-1.318,400.04,6506750.61
02/09/2012,ProShares Short VIX Short-Term Futures ETF,SVXY,17.58325,18.40405,-4.45989,-0.8208,400.04,7034003.33
02/08/2012,ProShares Short VIX Short-Term Futures ETF,SVXY,18.404,19.0275,-3.27684,-0.6235,400.04,7362336.16
02/07/2012,ProShares Short VIX Short-Term Futures ETF,SVXY,19.0275,19.2505,-1.15841,-0.223,400.04,7611761.1
02/06/2012,ProShares Short VIX Short-Term Futures ETF,SVXY,19.2505,19.0737,0.92693,0.1768,600.04,11551070.02
02/03/2012,ProShares Short VIX Short-Term Futures ETF,SVXY,19.07375,18.22395,4.66309,0.8498,600.04,11445012.95
02/02/2012,ProShares Short VIX Short-Term Futures ETF,SVXY,18.224,17.6417,3.30070,0.5823,400.04,7290328.96
02/01/2012,ProShares Short VIX Short-Term Futures ETF,SVXY,17.64175,16.96225,4.00595,0.6795,1000.04,17642455.67
01/31/2012,ProShares Short VIX Short-Term Futures ETF,SVXY,16.96225,17.12125,-0.92867,-0.159,1000.04,16962928.49
01/30/2012,ProShares Short VIX Short-Term Futures ETF,SVXY,17.12125,17.51755,-2.26230,-0.3963,1000.04,17121934.85
01/27/2012,ProShares Short VIX Short-Term Futures ETF,SVXY,17.5175,17.2112,1.77966,0.3063,1000.04,17518200.7
01/26/2012,ProShares Short VIX Short-Term Futures ETF,SVXY,17.21125,17.19895,0.07152,0.0123,1000.04,17211938.45
01/25/2012,ProShares Short VIX Short-Term Futures ETF,SVXY,17.199,16.713,2.90792,0.486,1200.04,20639487.96
01/24/2012,ProShares Short VIX Short-Term Futures ETF,SVXY,16.713,16.6147,0.59164,0.0983,600.04,10028468.52
01/23/2012,ProShares Short VIX Short-Term Futures ETF,SVXY,16.61475,16.23025,2.36903,0.3845,600.04,9969514.59
01/20/2012,ProShares Short VIX Short-Term Futures ETF,SVXY,16.23025,15.76145,2.97435,0.4688,600.04,9738799.21
01/19/2012,ProShares Short VIX Short-Term Futures ETF,SVXY,15.7615,15.3402,2.74638,0.4213,600.04,9457530.46
01/18/2012,ProShares Short VIX Short-Term Futures ETF,SVXY,15.34025,14.87825,3.10520,0.462,600.04,9204763.61
01/17/2012,ProShares Short VIX Short-Term Futures ETF,SVXY,14.87825,14.78945,0.60043,0.0888,600.04,8927545.13
01/13/2012,ProShares Short VIX Short-Term Futures ETF,SVXY,14.7895,15.012,-1.48215,-0.2225,600.04,8874291.58
01/12/2012,ProShares Short VIX Short-Term Futures ETF,SVXY,15.012,14.7262,1.94076,0.2858,600.04,9007800.48
01/11/2012,ProShares Short VIX Short-Term Futures ETF,SVXY,14.726,15.0605,-2.22104,-0.3345,600.04,8836189.04
01/10/2012,ProShares Short VIX Short-Term Futures ETF,SVXY,15.06075,14.75125,2.09813,0.3095,600.04,9037052.43
01/09/2012,ProShares Short VIX Short-Term Futures ETF,SVXY,14.75125,14.61325,0.94435,0.138,600.04,8851340.05
01/06/2012,ProShares Short VIX Short-Term Futures ETF,SVXY,14.61325,14.27525,2.36773,0.338,600.04,8768534.53
01/05/2012,ProShares Short VIX Short-Term Futures ETF,SVXY,14.27525,14.03925,1.68100,0.236,600.04,8565721.01
01/04/2012,ProShares Short VIX Short-Term Futures ETF,SVXY,14.03925,13.74145,2.16717,0.2978,600.04,8424111.57
01/03/2012,ProShares Short VIX Short-Term Futures ETF,SVXY,13.7415,12.9295,6.28021,0.812,600.04,8245449.66
12/30/2011,ProShares Short VIX Short-Term Futures ETF,SVXY,12.92925,13.28505,-2.67820,-0.3558,600.04,7758067.17
12/29/2011,ProShares Short VIX Short-Term Futures ETF,SVXY,13.285,12.9505,2.58291,0.3345,600.04,7971531.4
12/28/2011,ProShares Short VIX Short-Term Futures ETF,SVXY,12.9505,13.5675,-4.54763,-0.617,600.04,7770818.02
12/27/2011,ProShares Short VIX Short-Term Futures ETF,SVXY,13.5675,13.4405,0.94491,0.127,600.04,8141042.7
12/23/2011,ProShares Short VIX Short-Term Futures ETF,SVXY,13.4405,13.7573,-2.30278,-0.3168,600.04,8064837.62
12/22/2011,ProShares Short VIX Short-Term Futures ETF,SVXY,13.75725,14.07805,-2.27872,-0.3208,600.04,8254900.29
12/21/2011,ProShares Short VIX Short-Term Futures ETF,SVXY,14.07825,13.07395,7.68169,1.0043,600.04,8447513.13
12/20/2011,ProShares Short VIX Short-Term Futures ETF,SVXY,13.074,12.2915,6.36619,0.7825,600.04,7844922.96
12/19/2011,ProShares Short VIX Short-Term Futures ETF,SVXY,12.2915,12.0827,1.72809,0.2088,600.04,7375391.66
12/16/2011,ProShares Short VIX Short-Term Futures ETF,SVXY,12.08275,12.05025,0.26970,0.0325,600.04,7250133.31
12/15/2011,ProShares Short VIX Short-Term Futures ETF,SVXY,12.05025,11.60825,3.80764,0.442,600.04,7230632.01
12/14/2011,ProShares Short VIX Short-Term Futures ETF,SVXY,11.60825,11.67225,-0.54831,-0.064,600.04,6965414.33
12/13/2011,ProShares Short VIX Short-Term Futures ETF,SVXY,11.67225,11.56245,0.94963,0.1098,600.04,7003816.89
12/12/2011,ProShares Short VIX Short-Term Futures ETF,SVXY,11.5625,11.7685,-1.75044,-0.206,600.04,6937962.5
12/09/2011,ProShares Short VIX Short-Term Futures ETF,SVXY,11.7685,10.8422,8.54347,0.9263,600.04,7061570.74
12/08/2011,ProShares Short VIX Short-Term Futures ETF,SVXY,10.8425,11.421,-5.06523,-0.5785,600.04,6505933.7
12/07/2011,ProShares Short VIX Short-Term Futures ETF,SVXY,11.421,11.6563,-2.01865,-0.2353,600.04,6853056.84
12/06/2011,ProShares Short VIX Short-Term Futures ETF,SVXY,11.65625,11.76575,-0.93067,-0.1095,600.04,6994216.25
12/05/2011,ProShares Short VIX Short-Term Futures ETF,SVXY,11.76575,11.72395,0.35654,0.0418,600.04,7059920.63
12/02/2011,ProShares Short VIX Short-Term Futures ETF,SVXY,11.72425,11.64795,0.65505,0.0763,600.04,7035018.97
12/01/2011,ProShares Short VIX Short-Term Futures ETF,SVXY,11.648,11.425,1.95186,0.223,600.04,6989265.92
11/30/2011,ProShares Short VIX Short-Term Futures ETF,SVXY,11.425,10.529,8.50983,0.896,400.04,4570457
11/29/2011,ProShares Short VIX Short-Term Futures ETF,SVXY,10.529,10.3392,1.83573,0.1898,400.04,4212021.16
11/28/2011,ProShares Short VIX Short-Term Futures ETF,SVXY,10.3395,9.695,6.64776,0.6445,400.04,4136213.58
11/25/2011,ProShares Short VIX Short-Term Futures ETF,SVXY,9.695,9.9335,-2.40097,-0.2385,400.04,3878387.8
11/23/2011,ProShares Short VIX Short-Term Futures ETF,SVXY,9.93325,10.34025,-3.93608,-0.407,400.04,3973697.33
11/22/2011,ProShares Short VIX Short-Term Futures ETF,SVXY,10.34025,10.14925,1.88191,0.191,400.04,4136513.61
11/21/2011,ProShares Short VIX Short-Term Futures ETF,SVXY,10.14925,10.34005,-1.84525,-0.1908,400.04,4060105.97
11/18/2011,ProShares Short VIX Short-Term Futures ETF,SVXY,10.34,9.9332,4.09536,0.4068,400.04,4136413.6
11/17/2011,ProShares Short VIX Short-Term Futures ETF,SVXY,9.93325,10.28055,-3.37822,-0.3473,400.04,3973697.33
11/16/2011,ProShares Short VIX Short-Term Futures ETF,SVXY,10.2805,10.977,-6.34509,-0.6965,400.04,4112611.22
11/15/2011,ProShares Short VIX Short-Term Futures ETF,SVXY,10.97725,10.95975,0.15968,0.0175,400.04,4391339.09
11/14/2011,ProShares Short VIX Short-Term Futures ETF,SVXY,10.95975,11.16525,-1.84053,-0.2055,400.04,4384338.39
11/11/2011,ProShares Short VIX Short-Term Futures ETF,SVXY,11.16525,10.68895,4.45600,0.4763,400.04,4466546.61
11/10/2011,ProShares Short VIX Short-Term Futures ETF,SVXY,10.689,10.0542,6.31378,0.6348,400.04,4276027.56
11/09/2011,ProShares Short VIX Short-Term Futures ETF,SVXY,10.05425,12.56525,-19.98369,-2.511,400.04,4022102.17
11/08/2011,ProShares Short VIX Short-Term Futures ETF,SVXY,12.565,11.9177,5.43142,0.6473,400.04,5026502.6
11/07/2011,ProShares Short VIX Short-Term Futures ETF,SVXY,11.918,11.8515,0.56111,0.0665,400.04,4767676.72
11/04/2011,ProShares Short VIX Short-Term Futures ETF,SVXY,11.8515,12.0708,-1.81678,-0.2193,400.04,4741074.06
11/03/2011,ProShares Short VIX Short-Term Futures ETF,SVXY,12.07075,11.54795,4.52721,0.5228,400.04,4828782.83
11/02/2011,ProShares Short VIX Short-Term Futures ETF,SVXY,11.548,11.1867,3.22973,0.3613,400.04,4619661.92
11/01/2011,ProShares Short VIX Short-Term Futures ETF,SVXY,11.18675,12.75055,-12.26457,-1.5638,400.04,4475147.47
10/31/2011,ProShares Short VIX Short-Term Futures ETF,SVXY,12.7505,14.5975,-12.65285,-1.847,400.04,5100710.02
10/28/2011,ProShares Short VIX Short-Term Futures ETF,SVXY,14.5975,14.5767,0.14269,0.0208,400.04,5839583.9
10/27/2011,ProShares Short VIX Short-Term Futures ETF,SVXY,14.57675,12.85995,13.34997,1.7168,400.04,5831283.07
10/26/2011,ProShares Short VIX Short-Term Futures ETF,SVXY,12.86025,12.21125,5.31477,0.649,400.04,5144614.41
10/25/2011,ProShares Short VIX Short-Term Futures ETF,SVXY,12.211,13.2938,-8.14515,-1.0828,400.04,4884888.44
10/24/2011,ProShares Short VIX Short-Term Futures ETF,SVXY,13.29375,12.59775,5.52480,0.696,400.04,5318031.75
10/21/2011,ProShares Short VIX Short-Term Futures ETF,SVXY,12.59775,11.75795,7.14240,0.8398,400.04,5039603.91
10/20/2011,ProShares Short VIX Short-Term Futures ETF,SVXY,11.758,11.838,-0.67579,-0.08,400.04,4703670.32
10/19/2011,ProShares Short VIX Short-Term Futures ETF,SVXY,11.838,13.0253,-9.11534,-1.1873,400.04,4735673.52
10/18/2011,ProShares Short VIX Short-Term Futures ETF,SVXY,13.02525,12.29095,5.97431,0.7343,400.04,5210621.01
10/17/2011,ProShares Short VIX Short-Term Futures ETF,SVXY,12.291,14.0515,-12.52891,-1.7605,400.04,4916891.64
10/14/2011,ProShares Short VIX Short-Term Futures ETF,SVXY,14.05175,13.24295,6.10740,0.8088,400.04,5621262.07
10/13/2011,ProShares Short VIX Short-Term Futures ETF,SVXY,13.243,13.145,0.74553,0.098,400.04,5297729.72
10/12/2011,ProShares Short VIX Short-Term Futures ETF,SVXY,13.14525,12.37325,6.23927,0.772,400.04,5258625.81
10/11/2011,ProShares Short VIX Short-Term Futures ETF,SVXY,12.37325,12.31125,0.50360,0.062,400.04,4949794.93
10/10/2011,ProShares Short VIX Short-Term Futures ETF,SVXY,12.31125,11.48825,7.16384,0.823,400.04,4924992.45
10/07/2011,ProShares Short VIX Short-Term Futures ETF,SVXY,11.488,11.5108,-0.19807,-0.0228,400.04,4595659.52
10/06/2011,ProShares Short VIX Short-Term Futures ETF,SVXY,11.511,11.3635,1.29802,0.1475,400.04,4604860.44
10/05/2011,ProShares Short VIX Short-Term Futures ETF,SVXY,11.3635,10.7992,5.22539,0.5643,400.04,4545854.54
10/04/2011,ProShares Short VIX Short-Term Futures ETF,SVXY,10.79925,9.99995,7.99304,0.7993,400.04,4320131.97
10/03/2011,ProShares Short VIX Short-Term Futures ETF,SVXY,10,10,0.00000,0,400.04,4000400
