start_date_utc,end_date_utc_excl,instrument_id,raw_symbol
2010-06-04,2010-06-14,6641,NQM0
2010-06-14,2010-09-13,26715,NQU0
2010-09-13,2010-12-13,3088,NQZ0
2010-12-13,2011-03-14,93735,NQH1
2011-03-14,2011-06-13,30668,NQM1
2011-06-13,2011-09-12,56972,NQU1
2011-09-12,2011-12-12,12038,NQZ1
2011-12-12,2012-03-13,8870,NQH2
2012-03-13,2012-06-11,20924,NQM2
2012-06-11,2012-09-17,57494,NQU2
2012-09-17,2012-12-17,10016,NQZ2
2012-12-17,2013-03-12,36931,NQH3
2013-03-12,2013-06-17,11518,NQM3
2013-06-17,2013-09-16,17591,NQU3
2013-09-16,2013-12-16,28499,NQZ3
2013-12-16,2014-03-17,382251,NQH4
2014-03-17,2014-06-16,8223,NQM4
2014-06-16,2014-09-15,83745,NQU4
2014-09-15,2014-12-15,28097,NQZ4
2014-12-15,2015-03-16,50207,NQH5
2015-03-16,2015-06-15,58385,NQM5
2015-06-15,2015-09-14,2913,NQU5
2015-09-14,2015-12-14,12809,NQZ5
2015-12-14,2016-03-14,49734,NQH6
2016-03-14,2016-06-13,765,NQM6
2016-06-13,2016-09-12,2563,NQU6
2016-09-12,2016-12-13,2887,NQZ6
2016-12-13,2017-03-13,35888,NQH7
2017-03-13,2017-06-12,6398,NQM7
2017-06-12,2017-09-11,26054,NQU7
2017-09-11,2017-12-11,15466,NQZ7
2017-12-11,2018-03-12,16210,NQH8
2018-03-12,2018-06-11,23520,NQM8
2018-06-11,2018-09-17,47511,NQU8
2018-09-17,2018-12-17,16041,NQZ8
2018-12-17,2019-03-11,15657,NQH9
2019-03-11,2019-06-19,9166,NQM9
2019-06-19,2019-09-16,36742,NQU9
2019-09-16,2019-12-16,15907,NQZ9
2019-12-16,2020-03-18,10204,NQH0
2020-03-18,2020-06-17,16908,NQM0
2020-06-17,2020-09-16,14028,NQU0
2020-09-16,2020-12-16,16337,NQZ0
2020-12-16,2021-03-17,4378,NQH1
2021-03-17,2021-06-16,2786,NQM1
2021-06-16,2021-09-15,828,NQU1
2021-09-15,2021-12-13,2770,NQZ1
2021-12-13,2022-01-01,3541,NQH2
